0 verbose cli C:\Program Files\nodejs\node.exe C:\Program Files\nodejs\node_modules\npm\bin\npm-cli.js
1 info using npm@10.9.2
2 info using node@v22.15.0
3 silly config load:file:C:\Program Files\nodejs\node_modules\npm\npmrc
4 silly config load:file:D:\practice\.npmrc
5 silly config load:file:C:\Users\etiqu\.npmrc
6 silly config load:file:C:\Users\etiqu\AppData\Roaming\npm\etc\npmrc
7 verbose title npm exec vercel
8 verbose argv "exec" "--" "vercel"
9 verbose logfile logs-max:10 dir:D:\practice\.sites-runtime\npm-cache\_logs\2026-08-03T05_26_43_817Z-
10 verbose logfile D:\practice\.sites-runtime\npm-cache\_logs\2026-08-03T05_26_43_817Z-debug-0.log
11 silly logfile start cleaning logs, removing 1 files
12 silly logfile done cleaning log files
13 silly packumentCache heap:2197815296 maxSize:549453824 maxEntrySize:274726912
14 http fetch GET 200 https://registry.npmjs.org/vercel 642ms (cache miss)
15 silly packumentCache heap:2197815296 maxSize:549453824 maxEntrySize:274726912
16 silly packumentCache heap:2197815296 maxSize:549453824 maxEntrySize:274726912
17 silly idealTree buildDeps
18 silly fetch manifest vercel@58.4.4
19 silly packumentCache full:https://registry.npmjs.org/vercel cache-miss
20 http fetch GET 200 https://registry.npmjs.org/vercel 264ms (cache miss)
21 silly packumentCache full:https://registry.npmjs.org/vercel set size:undefined disposed:false
22 silly placeDep ROOT vercel@58.4.4 OK for:  want: 58.4.4
23 silly fetch manifest zod@4.1.11
24 silly packumentCache full:https://registry.npmjs.org/zod cache-miss
25 silly fetch manifest jose@5.9.6
26 silly packumentCache full:https://registry.npmjs.org/jose cache-miss
27 silly fetch manifest luxon@^3.4.0
28 silly packumentCache full:https://registry.npmjs.org/luxon cache-miss
29 silly fetch manifest undici@5.29.0
30 silly packumentCache full:https://registry.npmjs.org/undici cache-miss
31 silly fetch manifest esbuild@0.27.0
32 silly packumentCache full:https://registry.npmjs.org/esbuild cache-miss
33 silly fetch manifest sandbox@3.4.0
34 silly packumentCache full:https://registry.npmjs.org/sandbox cache-miss
35 silly fetch manifest chokidar@4.0.0
36 silly packumentCache full:https://registry.npmjs.org/chokidar cache-miss
37 http fetch GET 200 https://registry.npmjs.org/zod 143ms (cache miss)
38 silly packumentCache full:https://registry.npmjs.org/zod set size:undefined disposed:false
39 silly fetch manifest smol-toml@1.5.2
40 silly packumentCache full:https://registry.npmjs.org/smol-toml cache-miss
41 http fetch GET 200 https://registry.npmjs.org/sandbox 218ms (cache miss)
42 silly packumentCache full:https://registry.npmjs.org/sandbox set size:undefined disposed:false
43 silly fetch manifest @vercel/go@3.10.2
44 silly packumentCache full:https://registry.npmjs.org/@vercel%2fgo cache-miss
45 http fetch GET 200 https://registry.npmjs.org/chokidar 238ms (cache miss)
46 silly packumentCache full:https://registry.npmjs.org/chokidar set size:undefined disposed:false
47 silly fetch manifest @vercel/h3@0.1.116
48 silly packumentCache full:https://registry.npmjs.org/@vercel%2fh3 cache-miss
49 http fetch GET 200 https://registry.npmjs.org/smol-toml 89ms (cache miss)
50 silly packumentCache full:https://registry.npmjs.org/smol-toml set size:undefined disposed:false
51 silly fetch manifest @vercel/fun@1.3.0
52 silly packumentCache full:https://registry.npmjs.org/@vercel%2ffun cache-miss
53 http fetch GET 200 https://registry.npmjs.org/luxon 261ms (cache miss)
54 silly packumentCache full:https://registry.npmjs.org/luxon set size:undefined disposed:false
55 silly fetch manifest @vercel/koa@0.1.90
56 silly packumentCache full:https://registry.npmjs.org/@vercel%2fkoa cache-miss
57 http fetch GET 200 https://registry.npmjs.org/esbuild 301ms (cache miss)
58 silly packumentCache full:https://registry.npmjs.org/esbuild set size:undefined disposed:false
59 silly fetch manifest @vercel/blob@2.4.0
60 silly packumentCache full:https://registry.npmjs.org/@vercel%2fblob cache-miss
61 http fetch GET 200 https://registry.npmjs.org/jose 312ms (cache miss)
62 silly packumentCache full:https://registry.npmjs.org/jose set size:undefined disposed:false
63 silly fetch manifest @vercel/hono@0.2.110
64 silly packumentCache full:https://registry.npmjs.org/@vercel%2fhono cache-miss
65 http fetch GET 200 https://registry.npmjs.org/undici 331ms (cache miss)
66 silly packumentCache full:https://registry.npmjs.org/undici set size:undefined disposed:false
67 silly fetch manifest @vercel/next@4.20.5
68 silly packumentCache full:https://registry.npmjs.org/@vercel%2fnext cache-miss
69 http fetch GET 200 https://registry.npmjs.org/@vercel%2ffun 95ms (cache miss)
70 silly packumentCache full:https://registry.npmjs.org/@vercel%2ffun set size:undefined disposed:false
71 silly fetch manifest @vercel/node@5.9.3
72 silly packumentCache full:https://registry.npmjs.org/@vercel%2fnode cache-miss
73 http fetch GET 200 https://registry.npmjs.org/@vercel%2fkoa 93ms (cache miss)
74 silly packumentCache full:https://registry.npmjs.org/@vercel%2fkoa set size:undefined disposed:false
75 silly fetch manifest @vercel/ruby@2.5.1
76 silly packumentCache full:https://registry.npmjs.org/@vercel%2fruby cache-miss
77 http fetch GET 200 https://registry.npmjs.org/@vercel%2fblob 340ms (cache miss)
78 silly packumentCache full:https://registry.npmjs.org/@vercel%2fblob set size:undefined disposed:false
79 silly fetch manifest @vercel/rust@1.4.0
80 silly packumentCache full:https://registry.npmjs.org/@vercel%2frust cache-miss
81 http fetch GET 200 https://registry.npmjs.org/@vercel%2fnode 323ms (cache miss)
82 silly packumentCache full:https://registry.npmjs.org/@vercel%2fnode set size:undefined disposed:false
83 silly fetch manifest jsonc-parser@3.3.1
84 silly packumentCache full:https://registry.npmjs.org/jsonc-parser cache-miss
85 http fetch GET 200 https://registry.npmjs.org/jsonc-parser 49ms (cache miss)
86 silly packumentCache full:https://registry.npmjs.org/jsonc-parser set size:undefined disposed:false
87 silly fetch manifest @vercel/elysia@0.1.107
88 silly packumentCache full:https://registry.npmjs.org/@vercel%2felysia cache-miss
89 http fetch GET 200 https://registry.npmjs.org/@vercel%2fhono 525ms (cache miss)
90 silly packumentCache full:https://registry.npmjs.org/@vercel%2fhono set size:undefined disposed:false
91 silly fetch manifest @vercel/nestjs@0.2.111
92 silly packumentCache full:https://registry.npmjs.org/@vercel%2fnestjs cache-miss
93 http fetch GET 200 https://registry.npmjs.org/@vercel%2fruby 513ms (cache miss)
94 silly packumentCache full:https://registry.npmjs.org/@vercel%2fruby set size:undefined disposed:false
95 silly fetch manifest @vercel/python@6.54.1
96 silly packumentCache full:https://registry.npmjs.org/@vercel%2fpython cache-miss
97 http fetch GET 200 https://registry.npmjs.org/@vercel%2fnext 561ms (cache miss)
98 silly packumentCache full:https://registry.npmjs.org/@vercel%2fnext set size:undefined disposed:false
99 silly fetch manifest @vercel/express@0.1.121
100 silly packumentCache full:https://registry.npmjs.org/@vercel%2fexpress cache-miss
101 http fetch GET 200 https://registry.npmjs.org/@vercel%2frust 272ms (cache miss)
102 silly packumentCache full:https://registry.npmjs.org/@vercel%2frust set size:undefined disposed:false
103 silly fetch manifest @vercel/fastify@0.1.110
104 silly packumentCache full:https://registry.npmjs.org/@vercel%2ffastify cache-miss
105 http fetch GET 200 https://registry.npmjs.org/@vercel%2fgo 730ms (cache miss)
106 silly packumentCache full:https://registry.npmjs.org/@vercel%2fgo set size:undefined disposed:false
107 silly fetch manifest @vercel/redwood@2.5.0
108 silly packumentCache full:https://registry.npmjs.org/@vercel%2fredwood cache-miss
109 http fetch GET 200 https://registry.npmjs.org/@vercel%2felysia 231ms (cache miss)
110 silly packumentCache full:https://registry.npmjs.org/@vercel%2felysia set size:undefined disposed:false
111 silly fetch manifest @vercel/backends@0.8.30
112 silly packumentCache full:https://registry.npmjs.org/@vercel%2fbackends cache-miss
113 http fetch GET 200 https://registry.npmjs.org/@vercel%2fh3 768ms (cache miss)
114 silly packumentCache full:https://registry.npmjs.org/@vercel%2fh3 set size:undefined disposed:false
115 silly fetch manifest @vercel/cli-auth@0.3.1
116 silly packumentCache full:https://registry.npmjs.org/@vercel%2fcli-auth cache-miss
117 http fetch GET 200 https://registry.npmjs.org/@vercel%2fnestjs 250ms (cache miss)
118 silly packumentCache full:https://registry.npmjs.org/@vercel%2fnestjs set size:undefined disposed:false
119 silly fetch manifest @vercel/hydrogen@1.4.0
120 silly packumentCache full:https://registry.npmjs.org/@vercel%2fhydrogen cache-miss
121 http fetch GET 200 https://registry.npmjs.org/@vercel%2fcli-auth 115ms (cache miss)
122 silly packumentCache full:https://registry.npmjs.org/@vercel%2fcli-auth set size:undefined disposed:false
123 silly fetch manifest @vercel/container@0.1.0
124 silly packumentCache full:https://registry.npmjs.org/@vercel%2fcontainer cache-miss
125 http fetch GET 200 https://registry.npmjs.org/@vercel%2fexpress 264ms (cache miss)
126 silly packumentCache full:https://registry.npmjs.org/@vercel%2fexpress set size:undefined disposed:false
127 silly fetch manifest @vercel/cli-config@0.2.1
128 silly packumentCache full:https://registry.npmjs.org/@vercel%2fcli-config cache-miss
129 http fetch GET 200 https://registry.npmjs.org/@vercel%2ffastify 273ms (cache miss)
130 silly packumentCache full:https://registry.npmjs.org/@vercel%2ffastify set size:undefined disposed:false
131 silly fetch manifest @vercel/build-utils@13.36.3
132 silly packumentCache full:https://registry.npmjs.org/@vercel%2fbuild-utils cache-miss
133 http fetch GET 200 https://registry.npmjs.org/@vercel%2fcontainer 78ms (cache miss)
134 silly packumentCache full:https://registry.npmjs.org/@vercel%2fcontainer set size:undefined disposed:false
135 silly fetch manifest @vercel/detect-agent@1.2.3
136 silly packumentCache full:https://registry.npmjs.org/@vercel%2fdetect-agent cache-miss
137 http fetch GET 200 https://registry.npmjs.org/@vercel%2fpython 333ms (cache miss)
138 silly packumentCache full:https://registry.npmjs.org/@vercel%2fpython set size:undefined disposed:false
139 silly fetch manifest @vercel/static-build@2.11.13
140 silly packumentCache full:https://registry.npmjs.org/@vercel%2fstatic-build cache-miss
141 http fetch GET 200 https://registry.npmjs.org/@vercel%2fredwood 278ms (cache miss)
142 silly packumentCache full:https://registry.npmjs.org/@vercel%2fredwood set size:undefined disposed:false
143 silly fetch manifest @vercel/remix-builder@5.9.1
144 silly packumentCache full:https://registry.npmjs.org/@vercel%2fremix-builder cache-miss
145 http fetch GET 200 https://registry.npmjs.org/@vercel%2fdetect-agent 217ms (cache miss)
146 silly packumentCache full:https://registry.npmjs.org/@vercel%2fdetect-agent set size:undefined disposed:false
147 silly fetch manifest @vercel/prepare-flags-definitions@0.3.0
148 silly packumentCache full:https://registry.npmjs.org/@vercel%2fprepare-flags-definitions cache-miss
149 http fetch GET 200 https://registry.npmjs.org/@vercel%2fremix-builder 276ms (cache miss)
150 silly packumentCache full:https://registry.npmjs.org/@vercel%2fremix-builder set size:undefined disposed:false
151 http fetch GET 200 https://registry.npmjs.org/@vercel%2fstatic-build 327ms (cache miss)
152 silly packumentCache full:https://registry.npmjs.org/@vercel%2fstatic-build set size:undefined disposed:false
153 http fetch GET 200 https://registry.npmjs.org/@vercel%2fcli-config 482ms (cache miss)
154 silly packumentCache full:https://registry.npmjs.org/@vercel%2fcli-config set size:undefined disposed:false
155 http fetch GET 200 https://registry.npmjs.org/@vercel%2fprepare-flags-definitions 266ms (cache miss)
156 silly packumentCache full:https://registry.npmjs.org/@vercel%2fprepare-flags-definitions set size:undefined disposed:false
157 http fetch GET 200 https://registry.npmjs.org/@vercel%2fbuild-utils 528ms (cache miss)
158 silly packumentCache full:https://registry.npmjs.org/@vercel%2fbuild-utils set size:undefined disposed:false
159 http fetch GET 200 https://registry.npmjs.org/@vercel%2fbackends 810ms (cache miss)
160 silly packumentCache full:https://registry.npmjs.org/@vercel%2fbackends set size:undefined disposed:false
161 http fetch GET 200 https://registry.npmjs.org/@vercel%2fhydrogen 766ms (cache miss)
162 silly packumentCache full:https://registry.npmjs.org/@vercel%2fhydrogen set size:undefined disposed:false
163 silly placeDep ROOT @vercel/backends@0.8.30 OK for: vercel@58.4.4 want: 0.8.30
164 silly placeDep ROOT @vercel/blob@2.4.0 OK for: vercel@58.4.4 want: 2.4.0
165 silly placeDep ROOT @vercel/build-utils@13.36.3 OK for: vercel@58.4.4 want: 13.36.3
166 silly placeDep ROOT @vercel/cli-auth@0.3.1 OK for: vercel@58.4.4 want: 0.3.1
167 silly placeDep ROOT @vercel/cli-config@0.2.1 OK for: vercel@58.4.4 want: 0.2.1
168 silly placeDep ROOT @vercel/container@0.1.0 OK for: vercel@58.4.4 want: 0.1.0
169 silly placeDep ROOT @vercel/detect-agent@1.2.3 OK for: vercel@58.4.4 want: 1.2.3
170 silly placeDep ROOT @vercel/elysia@0.1.107 OK for: vercel@58.4.4 want: 0.1.107
171 silly placeDep ROOT @vercel/express@0.1.121 OK for: vercel@58.4.4 want: 0.1.121
172 silly placeDep ROOT @vercel/fastify@0.1.110 OK for: vercel@58.4.4 want: 0.1.110
173 silly placeDep ROOT @vercel/fun@1.3.0 OK for: vercel@58.4.4 want: 1.3.0
174 silly placeDep ROOT @vercel/go@3.10.2 OK for: vercel@58.4.4 want: 3.10.2
175 silly placeDep ROOT @vercel/h3@0.1.116 OK for: vercel@58.4.4 want: 0.1.116
176 silly placeDep ROOT @vercel/hono@0.2.110 OK for: vercel@58.4.4 want: 0.2.110
177 silly placeDep ROOT @vercel/hydrogen@1.4.0 OK for: vercel@58.4.4 want: 1.4.0
178 silly placeDep ROOT @vercel/koa@0.1.90 OK for: vercel@58.4.4 want: 0.1.90
179 silly placeDep ROOT @vercel/nestjs@0.2.111 OK for: vercel@58.4.4 want: 0.2.111
180 silly placeDep ROOT @vercel/next@4.20.5 OK for: vercel@58.4.4 want: 4.20.5
181 silly placeDep ROOT @vercel/node@5.9.3 OK for: vercel@58.4.4 want: 5.9.3
182 silly placeDep ROOT @vercel/prepare-flags-definitions@0.3.0 OK for: vercel@58.4.4 want: 0.3.0
183 silly placeDep ROOT @vercel/python@6.54.1 OK for: vercel@58.4.4 want: 6.54.1
184 silly placeDep ROOT @vercel/redwood@2.5.0 OK for: vercel@58.4.4 want: 2.5.0
185 silly placeDep ROOT @vercel/remix-builder@5.9.1 OK for: vercel@58.4.4 want: 5.9.1
186 silly placeDep ROOT @vercel/ruby@2.5.1 OK for: vercel@58.4.4 want: 2.5.1
187 silly placeDep ROOT @vercel/rust@1.4.0 OK for: vercel@58.4.4 want: 1.4.0
188 silly placeDep ROOT @vercel/static-build@2.11.13 OK for: vercel@58.4.4 want: 2.11.13
189 silly placeDep ROOT chokidar@4.0.0 OK for: vercel@58.4.4 want: 4.0.0
190 silly placeDep ROOT esbuild@0.27.0 OK for: vercel@58.4.4 want: 0.27.0
191 silly placeDep ROOT jose@5.9.6 OK for: vercel@58.4.4 want: 5.9.6
192 silly placeDep ROOT jsonc-parser@3.3.1 OK for: vercel@58.4.4 want: 3.3.1
193 silly placeDep ROOT luxon@3.7.2 OK for: vercel@58.4.4 want: ^3.4.0
194 silly placeDep ROOT sandbox@3.4.0 OK for: vercel@58.4.4 want: 3.4.0
195 silly placeDep ROOT smol-toml@1.5.2 OK for: vercel@58.4.4 want: 1.5.2
196 silly placeDep ROOT undici@5.29.0 OK for: vercel@58.4.4 want: 5.29.0
197 silly placeDep ROOT zod@4.1.11 OK for: vercel@58.4.4 want: 4.1.11
198 silly fetch manifest tsx@4.21.0
199 silly packumentCache full:https://registry.npmjs.org/tsx cache-miss
200 silly fetch manifest zod@3.22.4
201 silly packumentCache full:https://registry.npmjs.org/zod cache-miss
202 silly fetch manifest srvx@0.11.16
203 silly packumentCache full:https://registry.npmjs.org/srvx cache-miss
204 silly fetch manifest execa@3.2.0
205 silly packumentCache full:https://registry.npmjs.org/execa cache-miss
206 silly fetch manifest fs-extra@11.1.0
207 silly packumentCache full:https://registry.npmjs.org/fs-extra cache-miss
208 silly fetch manifest get-port@5.1.1
209 silly packumentCache full:https://registry.npmjs.org/get-port cache-miss
210 silly fetch manifest rolldown@1.0.0-rc.1
211 silly packumentCache full:https://registry.npmjs.org/rolldown cache-miss
212 http cache https://registry.npmjs.org/zod 38ms (cache hit)
213 silly packumentCache full:https://registry.npmjs.org/zod set size:3552562 disposed:false
214 silly fetch manifest ts-morph@12.0.0
215 silly packumentCache full:https://registry.npmjs.org/ts-morph cache-miss
216 http fetch GET 200 https://registry.npmjs.org/get-port 105ms (cache miss)
217 silly packumentCache full:https://registry.npmjs.org/get-port set size:undefined disposed:false
218 silly fetch manifest @vercel/nft@1.10.0
219 silly packumentCache full:https://registry.npmjs.org/@vercel%2fnft cache-miss
220 http fetch GET 200 https://registry.npmjs.org/execa 113ms (cache miss)
221 silly packumentCache full:https://registry.npmjs.org/execa set size:undefined disposed:false
222 silly fetch manifest oxc-transform@0.111.0
223 silly packumentCache full:https://registry.npmjs.org/oxc-transform cache-miss
224 http fetch GET 200 https://registry.npmjs.org/fs-extra 118ms (cache miss)
225 silly packumentCache full:https://registry.npmjs.org/fs-extra set size:undefined disposed:false
226 silly fetch manifest path-to-regexp@8.3.0
227 silly packumentCache full:https://registry.npmjs.org/path-to-regexp cache-miss
228 http fetch GET 200 https://registry.npmjs.org/srvx 122ms (cache miss)
229 silly packumentCache full:https://registry.npmjs.org/srvx set size:undefined disposed:false
230 silly fetch manifest resolve.exports@2.0.3
231 silly packumentCache full:https://registry.npmjs.org/resolve.exports cache-miss
232 http fetch GET 200 https://registry.npmjs.org/tsx 131ms (cache miss)
233 silly packumentCache full:https://registry.npmjs.org/tsx set size:undefined disposed:false
234 silly fetch manifest @vercel/static-config@3.4.0
235 silly packumentCache full:https://registry.npmjs.org/@vercel%2fstatic-config cache-miss
236 http fetch GET 200 https://registry.npmjs.org/ts-morph 90ms (cache miss)
237 silly packumentCache full:https://registry.npmjs.org/ts-morph set size:undefined disposed:false
238 silly fetch manifest undici@^6.23.0
239 silly packumentCache full:https://registry.npmjs.org/undici cache-miss
240 http cache https://registry.npmjs.org/undici 23ms (cache hit)
241 silly packumentCache full:https://registry.npmjs.org/undici set size:1490559 disposed:false
242 silly fetch manifest is-buffer@^2.0.5
243 silly packumentCache full:https://registry.npmjs.org/is-buffer cache-miss
244 http fetch GET 200 https://registry.npmjs.org/resolve.exports 73ms (cache miss)
245 silly packumentCache full:https://registry.npmjs.org/resolve.exports set size:undefined disposed:false
246 silly fetch manifest throttleit@^2.1.0
247 silly packumentCache full:https://registry.npmjs.org/throttleit cache-miss
248 http fetch GET 200 https://registry.npmjs.org/path-to-regexp 79ms (cache miss)
249 silly packumentCache full:https://registry.npmjs.org/path-to-regexp set size:undefined disposed:false
250 silly fetch manifest async-retry@^1.3.3
251 silly packumentCache full:https://registry.npmjs.org/async-retry cache-miss
252 http fetch GET 200 https://registry.npmjs.org/oxc-transform 96ms (cache miss)
253 silly packumentCache full:https://registry.npmjs.org/oxc-transform set size:undefined disposed:false
254 silly fetch manifest is-node-process@^1.2.0
255 silly packumentCache full:https://registry.npmjs.org/is-node-process cache-miss
256 http fetch GET 200 https://registry.npmjs.org/@vercel%2fnft 110ms (cache miss)
257 silly packumentCache full:https://registry.npmjs.org/@vercel%2fnft set size:undefined disposed:false
258 silly fetch manifest es-module-lexer@1.5.0
259 silly packumentCache full:https://registry.npmjs.org/es-module-lexer cache-miss
260 http fetch GET 200 https://registry.npmjs.org/is-buffer 50ms (cache miss)
261 silly packumentCache full:https://registry.npmjs.org/is-buffer set size:undefined disposed:false
262 silly fetch manifest cjs-module-lexer@1.2.3
263 silly packumentCache full:https://registry.npmjs.org/cjs-module-lexer cache-miss
264 http fetch GET 200 https://registry.npmjs.org/async-retry 47ms (cache miss)
265 silly packumentCache full:https://registry.npmjs.org/async-retry set size:undefined disposed:false
266 silly fetch manifest @vercel/python-analysis@0.12.0
267 silly packumentCache full:https://registry.npmjs.org/@vercel%2fpython-analysis cache-miss
268 http fetch GET 200 https://registry.npmjs.org/throttleit 56ms (cache miss)
269 silly packumentCache full:https://registry.npmjs.org/throttleit set size:undefined disposed:false
270 silly fetch manifest open@8.4.0
271 silly packumentCache full:https://registry.npmjs.org/open cache-miss
272 http fetch GET 200 https://registry.npmjs.org/rolldown 265ms (cache miss)
273 silly packumentCache full:https://registry.npmjs.org/rolldown set size:undefined disposed:false
274 silly fetch manifest async-listen@3.0.0
275 silly packumentCache full:https://registry.npmjs.org/async-listen cache-miss
276 http fetch GET 200 https://registry.npmjs.org/cjs-module-lexer 60ms (cache miss)
277 silly packumentCache full:https://registry.npmjs.org/cjs-module-lexer set size:undefined disposed:false
278 silly fetch manifest @napi-rs/keyring@1.2.0
279 silly packumentCache full:https://registry.npmjs.org/@napi-rs%2fkeyring cache-miss
280 http fetch GET 200 https://registry.npmjs.org/es-module-lexer 82ms (cache miss)
281 silly packumentCache full:https://registry.npmjs.org/es-module-lexer set size:undefined disposed:false
282 silly fetch manifest xdg-app-paths@5
283 silly packumentCache full:https://registry.npmjs.org/xdg-app-paths cache-miss
284 http fetch GET 200 https://registry.npmjs.org/open 63ms (cache miss)
285 silly packumentCache full:https://registry.npmjs.org/open set size:undefined disposed:false
286 silly fetch manifest @vercel/static-config@3.4.0
287 silly packumentCache full:https://registry.npmjs.org/@vercel%2fstatic-config cache-miss
288 http fetch GET 200 https://registry.npmjs.org/@vercel%2fstatic-config 222ms (cache miss)
289 silly packumentCache full:https://registry.npmjs.org/@vercel%2fstatic-config set size:undefined disposed:false
290 silly fetch manifest @vercel/cervel@0.1.38
291 silly packumentCache full:https://registry.npmjs.org/@vercel%2fcervel cache-miss
292 http fetch GET 200 https://registry.npmjs.org/@vercel%2fstatic-config 68ms (cache miss)
293 silly packumentCache full:https://registry.npmjs.org/@vercel%2fstatic-config set size:undefined disposed:false
294 silly fetch manifest ms@2.1.1
295 silly packumentCache full:https://registry.npmjs.org/ms cache-miss
296 http fetch GET 200 https://registry.npmjs.org/ms 52ms (cache miss)
297 silly packumentCache full:https://registry.npmjs.org/ms set size:undefined disposed:false
298 silly fetch manifest tar@7.5.7
299 silly packumentCache full:https://registry.npmjs.org/tar cache-miss
300 http fetch GET 200 https://registry.npmjs.org/is-node-process 245ms (cache miss)
301 silly packumentCache full:https://registry.npmjs.org/is-node-process set size:undefined disposed:false
302 silly fetch manifest debug@4.3.4
303 silly packumentCache full:https://registry.npmjs.org/debug cache-miss
304 http fetch GET 200 https://registry.npmjs.org/@vercel%2fpython-analysis 243ms (cache miss)
305 silly packumentCache full:https://registry.npmjs.org/@vercel%2fpython-analysis set size:undefined disposed:false
306 silly fetch manifest micro@9.3.5-canary.3
307 silly packumentCache full:https://registry.npmjs.org/micro cache-miss
308 http fetch GET 200 https://registry.npmjs.org/debug 56ms (cache miss)
309 silly packumentCache full:https://registry.npmjs.org/debug set size:undefined disposed:false
310 silly fetch manifest semver@7.5.4
311 silly packumentCache full:https://registry.npmjs.org/semver cache-miss
312 http fetch GET 200 https://registry.npmjs.org/tar 82ms (cache miss)
313 silly packumentCache full:https://registry.npmjs.org/tar set size:undefined disposed:false
314 silly fetch manifest tinyexec@0.3.2
315 silly packumentCache full:https://registry.npmjs.org/tinyexec cache-miss
316 http fetch GET 200 https://registry.npmjs.org/async-listen 259ms (cache miss)
317 silly packumentCache full:https://registry.npmjs.org/async-listen set size:undefined disposed:false
318 silly fetch manifest stat-mode@0.3.0
319 silly packumentCache full:https://registry.npmjs.org/stat-mode cache-miss
320 http fetch GET 200 https://registry.npmjs.org/micro 55ms (cache miss)
321 silly packumentCache full:https://registry.npmjs.org/micro set size:undefined disposed:false
322 silly fetch manifest tree-kill@1.2.2
323 silly packumentCache full:https://registry.npmjs.org/tree-kill cache-miss
324 http fetch GET 200 https://registry.npmjs.org/semver 49ms (cache miss)
325 silly packumentCache full:https://registry.npmjs.org/semver set size:undefined disposed:false
326 silly fetch manifest node-fetch@2.6.7
327 silly packumentCache full:https://registry.npmjs.org/node-fetch cache-miss
328 http fetch GET 200 https://registry.npmjs.org/tinyexec 54ms (cache miss)
329 silly packumentCache full:https://registry.npmjs.org/tinyexec set size:undefined disposed:false
330 silly fetch manifest promisepipe@3.0.0
331 silly packumentCache full:https://registry.npmjs.org/promisepipe cache-miss
332 http fetch GET 200 https://registry.npmjs.org/stat-mode 50ms (cache miss)
333 silly packumentCache full:https://registry.npmjs.org/stat-mode set size:undefined disposed:false
334 silly fetch manifest uid-promise@1.0.0
335 silly packumentCache full:https://registry.npmjs.org/uid-promise cache-miss
336 http fetch GET 200 https://registry.npmjs.org/tree-kill 46ms (cache miss)
337 silly packumentCache full:https://registry.npmjs.org/tree-kill set size:undefined disposed:false
338 silly fetch manifest async-listen@1.2.0
339 silly packumentCache full:https://registry.npmjs.org/async-listen cache-miss
340 http fetch GET 200 https://registry.npmjs.org/@vercel%2fcervel 252ms (cache miss)
341 silly packumentCache full:https://registry.npmjs.org/@vercel%2fcervel set size:undefined disposed:false
342 silly fetch manifest generic-pool@3.4.2
343 silly packumentCache full:https://registry.npmjs.org/generic-pool cache-miss
344 http cache https://registry.npmjs.org/async-listen 14ms (cache hit)
345 silly packumentCache full:https://registry.npmjs.org/async-listen set size:27933 disposed:false
346 silly fetch manifest xdg-app-paths@5.1.0
347 silly packumentCache full:https://registry.npmjs.org/xdg-app-paths cache-miss
348 http fetch GET 200 https://registry.npmjs.org/xdg-app-paths 312ms (cache miss)
349 silly packumentCache full:https://registry.npmjs.org/xdg-app-paths set size:undefined disposed:false
350 silly fetch manifest yauzl-promise@2.1.3
351 silly packumentCache full:https://registry.npmjs.org/yauzl-promise cache-miss
352 http fetch GET 200 https://registry.npmjs.org/promisepipe 78ms (cache miss)
353 silly packumentCache full:https://registry.npmjs.org/promisepipe set size:undefined disposed:false
354 silly fetch manifest path-to-regexp@8.2.0
355 silly packumentCache full:https://registry.npmjs.org/path-to-regexp cache-miss
356 http fetch GET 200 https://registry.npmjs.org/generic-pool 70ms (cache miss)
357 silly packumentCache full:https://registry.npmjs.org/generic-pool set size:undefined disposed:false
358 silly fetch manifest @tootallnate/once@2.0.0
359 silly packumentCache full:https://registry.npmjs.org/@tootallnate%2fonce cache-miss
360 http cache https://registry.npmjs.org/path-to-regexp 24ms (cache hit)
361 silly packumentCache full:https://registry.npmjs.org/path-to-regexp set size:216334 disposed:false
362 silly fetch manifest stream-to-promise@2.2.0
363 silly packumentCache full:https://registry.npmjs.org/stream-to-promise cache-miss
364 http fetch GET 200 https://registry.npmjs.org/node-fetch 127ms (cache miss)
365 silly packumentCache full:https://registry.npmjs.org/node-fetch set size:undefined disposed:false
366 silly fetch manifest etag@1.8.1
367 silly packumentCache full:https://registry.npmjs.org/etag cache-miss
368 http fetch GET 200 https://registry.npmjs.org/xdg-app-paths 93ms (cache miss)
369 silly packumentCache full:https://registry.npmjs.org/xdg-app-paths set size:undefined disposed:false
370 silly fetch manifest undici@5.28.4
371 silly packumentCache full:https://registry.npmjs.org/undici cache-miss
372 http cache https://registry.npmjs.org/undici 10ms (cache hit)
373 silly packumentCache full:https://registry.npmjs.org/undici set size:1490559 disposed:false
374 silly fetch manifest mime-types@2.1.35
375 silly packumentCache full:https://registry.npmjs.org/mime-types cache-miss
376 http fetch GET 200 https://registry.npmjs.org/@tootallnate%2fonce 49ms (cache miss)
377 silly packumentCache full:https://registry.npmjs.org/@tootallnate%2fonce set size:undefined disposed:false
378 silly fetch manifest node-fetch@2.6.9
379 silly packumentCache full:https://registry.npmjs.org/node-fetch cache-miss
380 http fetch GET 200 https://registry.npmjs.org/stream-to-promise 55ms (cache miss)
381 silly packumentCache full:https://registry.npmjs.org/stream-to-promise set size:undefined disposed:false
382 silly fetch manifest typescript@npm:typescript@5.9.3
383 silly packumentCache full:https://registry.npmjs.org/typescript cache-miss
384 http fetch GET 200 https://registry.npmjs.org/etag 47ms (cache miss)
385 silly packumentCache full:https://registry.npmjs.org/etag set size:undefined disposed:false
386 silly fetch manifest @types/node@20.11.0
387 silly packumentCache full:https://registry.npmjs.org/@types%2fnode cache-miss
388 http cache https://registry.npmjs.org/node-fetch 23ms (cache hit)
389 silly packumentCache full:https://registry.npmjs.org/node-fetch set size:896010 disposed:false
390 silly fetch manifest edge-runtime@2.5.9
391 silly packumentCache full:https://registry.npmjs.org/edge-runtime cache-miss
392 http fetch GET 200 https://registry.npmjs.org/mime-types 60ms (cache miss)
393 silly packumentCache full:https://registry.npmjs.org/mime-types set size:undefined disposed:false
394 silly fetch manifest path-to-regexp@6.1.0
395 silly packumentCache full:https://registry.npmjs.org/path-to-regexp cache-hit
396 silly fetch manifest es-module-lexer@1.4.1
397 silly packumentCache full:https://registry.npmjs.org/es-module-lexer cache-miss
398 http fetch GET 200 https://registry.npmjs.org/@napi-rs%2fkeyring 489ms (cache miss)
399 silly packumentCache full:https://registry.npmjs.org/@napi-rs%2fkeyring set size:undefined disposed:false
400 silly fetch manifest @edge-runtime/vm@3.2.0
401 silly packumentCache full:https://registry.npmjs.org/@edge-runtime%2fvm cache-miss
402 http cache https://registry.npmjs.org/es-module-lexer 10ms (cache hit)
403 silly packumentCache full:https://registry.npmjs.org/es-module-lexer set size:212402 disposed:false
404 silly fetch manifest @vercel/error-utils@2.2.0
405 silly packumentCache full:https://registry.npmjs.org/@vercel%2ferror-utils cache-miss
406 http fetch GET 200 https://registry.npmjs.org/edge-runtime 69ms (cache miss)
407 silly packumentCache full:https://registry.npmjs.org/edge-runtime set size:undefined disposed:false
408 silly fetch manifest path-to-regexp-updated@npm:path-to-regexp@6.3.0
409 silly packumentCache full:https://registry.npmjs.org/path-to-regexp cache-hit
410 silly fetch manifest @edge-runtime/node-utils@2.3.0
411 silly packumentCache full:https://registry.npmjs.org/@edge-runtime%2fnode-utils cache-miss
412 http fetch GET 200 https://registry.npmjs.org/uid-promise 287ms (cache miss)
413 silly packumentCache full:https://registry.npmjs.org/uid-promise set size:undefined disposed:false
414 silly fetch manifest @edge-runtime/primitives@4.1.0
415 silly packumentCache full:https://registry.npmjs.org/@edge-runtime%2fprimitives cache-miss
416 http fetch GET 200 https://registry.npmjs.org/yauzl-promise 269ms (cache miss)
417 silly packumentCache full:https://registry.npmjs.org/yauzl-promise set size:undefined disposed:false
418 silly fetch manifest semver@6.3.1
419 silly packumentCache full:https://registry.npmjs.org/semver cache-miss
420 http fetch GET 200 https://registry.npmjs.org/@edge-runtime%2fvm 100ms (cache miss)
421 silly packumentCache full:https://registry.npmjs.org/@edge-runtime%2fvm set size:undefined disposed:false
422 silly fetch manifest @vercel/error-utils@2.2.0
423 silly packumentCache full:https://registry.npmjs.org/@vercel%2ferror-utils cache-miss
424 http cache https://registry.npmjs.org/semver 20ms (cache hit)
425 silly packumentCache full:https://registry.npmjs.org/semver set size:246069 disposed:false
426 silly fetch manifest execa@5
427 silly packumentCache full:https://registry.npmjs.org/execa cache-miss
428 http cache https://registry.npmjs.org/execa 20ms (cache hit)
429 silly packumentCache full:https://registry.npmjs.org/execa set size:188760 disposed:false
430 silly fetch manifest @vercel/gatsby-plugin-vercel-builder@2.2.33
431 silly packumentCache full:https://registry.npmjs.org/@vercel%2fgatsby-plugin-vercel-builder cache-miss
432 http fetch GET 200 https://registry.npmjs.org/@edge-runtime%2fnode-utils 239ms (cache miss)
433 silly packumentCache full:https://registry.npmjs.org/@edge-runtime%2fnode-utils set size:undefined disposed:false
434 silly fetch manifest @vercel/gatsby-plugin-vercel-analytics@1.0.11
435 silly packumentCache full:https://registry.npmjs.org/@vercel%2fgatsby-plugin-vercel-analytics cache-miss
436 http fetch GET 200 https://registry.npmjs.org/@types%2fnode 396ms (cache miss)
437 silly packumentCache full:https://registry.npmjs.org/@types%2fnode set size:undefined disposed:false
438 silly fetch manifest readdirp@^4.0.1
439 silly packumentCache full:https://registry.npmjs.org/readdirp cache-miss
440 http fetch GET 200 https://registry.npmjs.org/@vercel%2ferror-utils 509ms (cache miss)
441 silly packumentCache full:https://registry.npmjs.org/@vercel%2ferror-utils set size:undefined disposed:false
442 silly fetch manifest @esbuild/aix-ppc64@0.27.0
443 silly packumentCache full:https://registry.npmjs.org/@esbuild%2faix-ppc64 cache-miss
444 http fetch GET 200 https://registry.npmjs.org/@vercel%2ferror-utils 422ms (cache miss)
445 silly packumentCache full:https://registry.npmjs.org/@vercel%2ferror-utils set size:undefined disposed:false
446 silly fetch manifest @esbuild/linux-arm@0.27.0
447 silly packumentCache full:https://registry.npmjs.org/@esbuild%2flinux-arm cache-miss
448 http fetch GET 200 https://registry.npmjs.org/readdirp 56ms (cache miss)
449 silly packumentCache full:https://registry.npmjs.org/readdirp set size:undefined disposed:false
450 silly fetch manifest @esbuild/linux-x64@0.27.0
451 silly packumentCache full:https://registry.npmjs.org/@esbuild%2flinux-x64 cache-miss
452 http fetch GET 200 https://registry.npmjs.org/@vercel%2fgatsby-plugin-vercel-builder 399ms (cache miss)
453 silly packumentCache full:https://registry.npmjs.org/@vercel%2fgatsby-plugin-vercel-builder set size:undefined disposed:false
454 silly fetch manifest @esbuild/sunos-x64@0.27.0
455 silly packumentCache full:https://registry.npmjs.org/@esbuild%2fsunos-x64 cache-miss
456 http fetch GET 200 https://registry.npmjs.org/@esbuild%2faix-ppc64 59ms (cache miss)
457 silly packumentCache full:https://registry.npmjs.org/@esbuild%2faix-ppc64 set size:undefined disposed:false
458 silly fetch manifest @esbuild/win32-x64@0.27.0
459 silly packumentCache full:https://registry.npmjs.org/@esbuild%2fwin32-x64 cache-miss
460 http fetch GET 200 https://registry.npmjs.org/@esbuild%2flinux-arm 69ms (cache miss)
461 silly packumentCache full:https://registry.npmjs.org/@esbuild%2flinux-arm set size:undefined disposed:false
462 silly fetch manifest @esbuild/darwin-x64@0.27.0
463 silly packumentCache full:https://registry.npmjs.org/@esbuild%2fdarwin-x64 cache-miss
464 http fetch GET 200 https://registry.npmjs.org/@esbuild%2flinux-x64 63ms (cache miss)
465 silly packumentCache full:https://registry.npmjs.org/@esbuild%2flinux-x64 set size:undefined disposed:false
466 silly fetch manifest @esbuild/linux-ia32@0.27.0
467 silly packumentCache full:https://registry.npmjs.org/@esbuild%2flinux-ia32 cache-miss
468 http fetch GET 200 https://registry.npmjs.org/typescript 655ms (cache miss)
469 silly packumentCache full:https://registry.npmjs.org/typescript set size:undefined disposed:false
470 silly fetch manifest @esbuild/netbsd-x64@0.27.0
471 silly packumentCache full:https://registry.npmjs.org/@esbuild%2fnetbsd-x64 cache-miss
472 http fetch GET 200 https://registry.npmjs.org/@esbuild%2fdarwin-x64 159ms (cache miss)
473 silly packumentCache full:https://registry.npmjs.org/@esbuild%2fdarwin-x64 set size:undefined disposed:false
474 silly fetch manifest @esbuild/win32-ia32@0.27.0
475 silly packumentCache full:https://registry.npmjs.org/@esbuild%2fwin32-ia32 cache-miss
476 http fetch GET 200 https://registry.npmjs.org/@esbuild%2fsunos-x64 210ms (cache miss)
477 silly packumentCache full:https://registry.npmjs.org/@esbuild%2fsunos-x64 set size:undefined disposed:false
478 silly fetch manifest @esbuild/android-arm@0.27.0
479 silly packumentCache full:https://registry.npmjs.org/@esbuild%2fandroid-arm cache-miss
480 http fetch GET 200 https://registry.npmjs.org/@esbuild%2fwin32-x64 186ms (cache miss)
481 silly packumentCache full:https://registry.npmjs.org/@esbuild%2fwin32-x64 set size:undefined disposed:false
482 silly fetch manifest @esbuild/android-x64@0.27.0
483 silly packumentCache full:https://registry.npmjs.org/@esbuild%2fandroid-x64 cache-miss
484 http fetch GET 200 https://registry.npmjs.org/@esbuild%2flinux-ia32 161ms (cache miss)
485 silly packumentCache full:https://registry.npmjs.org/@esbuild%2flinux-ia32 set size:undefined disposed:false
486 silly fetch manifest @esbuild/freebsd-x64@0.27.0
487 silly packumentCache full:https://registry.npmjs.org/@esbuild%2ffreebsd-x64 cache-miss
488 http fetch GET 200 https://registry.npmjs.org/@edge-runtime%2fprimitives 690ms (cache miss)
489 silly packumentCache full:https://registry.npmjs.org/@edge-runtime%2fprimitives set size:undefined disposed:false
490 silly fetch manifest @esbuild/linux-arm64@0.27.0
491 silly packumentCache full:https://registry.npmjs.org/@esbuild%2flinux-arm64 cache-miss
492 http fetch GET 200 https://registry.npmjs.org/@esbuild%2fnetbsd-x64 65ms (cache miss)
493 silly packumentCache full:https://registry.npmjs.org/@esbuild%2fnetbsd-x64 set size:undefined disposed:false
494 silly fetch manifest @esbuild/linux-ppc64@0.27.0
495 silly packumentCache full:https://registry.npmjs.org/@esbuild%2flinux-ppc64 cache-miss
496 http fetch GET 200 https://registry.npmjs.org/@esbuild%2fwin32-ia32 60ms (cache miss)
497 silly packumentCache full:https://registry.npmjs.org/@esbuild%2fwin32-ia32 set size:undefined disposed:false
498 silly fetch manifest @esbuild/linux-s390x@0.27.0
499 silly packumentCache full:https://registry.npmjs.org/@esbuild%2flinux-s390x cache-miss
500 http fetch GET 200 https://registry.npmjs.org/@esbuild%2fandroid-arm 87ms (cache miss)
501 silly packumentCache full:https://registry.npmjs.org/@esbuild%2fandroid-arm set size:undefined disposed:false
502 silly fetch manifest @esbuild/openbsd-x64@0.27.0
503 silly packumentCache full:https://registry.npmjs.org/@esbuild%2fopenbsd-x64 cache-miss
504 http fetch GET 200 https://registry.npmjs.org/@esbuild%2ffreebsd-x64 88ms (cache miss)
505 silly packumentCache full:https://registry.npmjs.org/@esbuild%2ffreebsd-x64 set size:undefined disposed:false
506 silly fetch manifest @esbuild/win32-arm64@0.27.0
507 silly packumentCache full:https://registry.npmjs.org/@esbuild%2fwin32-arm64 cache-miss
508 http fetch GET 200 https://registry.npmjs.org/@esbuild%2flinux-ppc64 72ms (cache miss)
509 silly packumentCache full:https://registry.npmjs.org/@esbuild%2flinux-ppc64 set size:undefined disposed:false
510 silly fetch manifest @esbuild/darwin-arm64@0.27.0
511 silly packumentCache full:https://registry.npmjs.org/@esbuild%2fdarwin-arm64 cache-miss
512 http fetch GET 200 https://registry.npmjs.org/@esbuild%2fandroid-x64 102ms (cache miss)
513 silly packumentCache full:https://registry.npmjs.org/@esbuild%2fandroid-x64 set size:undefined disposed:false
514 silly fetch manifest @esbuild/netbsd-arm64@0.27.0
515 silly packumentCache full:https://registry.npmjs.org/@esbuild%2fnetbsd-arm64 cache-miss
516 http fetch GET 200 https://registry.npmjs.org/@esbuild%2flinux-arm64 92ms (cache miss)
517 silly packumentCache full:https://registry.npmjs.org/@esbuild%2flinux-arm64 set size:undefined disposed:false
518 silly fetch manifest @esbuild/android-arm64@0.27.0
519 silly packumentCache full:https://registry.npmjs.org/@esbuild%2fandroid-arm64 cache-miss
520 http fetch GET 200 https://registry.npmjs.org/@esbuild%2flinux-s390x 66ms (cache miss)
521 silly packumentCache full:https://registry.npmjs.org/@esbuild%2flinux-s390x set size:undefined disposed:false
522 silly fetch manifest @esbuild/freebsd-arm64@0.27.0
523 silly packumentCache full:https://registry.npmjs.org/@esbuild%2ffreebsd-arm64 cache-miss
524 http fetch GET 200 https://registry.npmjs.org/@esbuild%2fopenbsd-x64 63ms (cache miss)
525 silly packumentCache full:https://registry.npmjs.org/@esbuild%2fopenbsd-x64 set size:undefined disposed:false
526 silly fetch manifest @esbuild/linux-loong64@0.27.0
527 silly packumentCache full:https://registry.npmjs.org/@esbuild%2flinux-loong64 cache-miss
528 http fetch GET 200 https://registry.npmjs.org/@esbuild%2fwin32-arm64 68ms (cache miss)
529 silly packumentCache full:https://registry.npmjs.org/@esbuild%2fwin32-arm64 set size:undefined disposed:false
530 silly fetch manifest @esbuild/linux-riscv64@0.27.0
531 silly packumentCache full:https://registry.npmjs.org/@esbuild%2flinux-riscv64 cache-miss
532 http fetch GET 200 https://registry.npmjs.org/@esbuild%2fnetbsd-arm64 64ms (cache miss)
533 silly packumentCache full:https://registry.npmjs.org/@esbuild%2fnetbsd-arm64 set size:undefined disposed:false
534 silly fetch manifest @esbuild/openbsd-arm64@0.27.0
535 silly packumentCache full:https://registry.npmjs.org/@esbuild%2fopenbsd-arm64 cache-miss
536 http fetch GET 200 https://registry.npmjs.org/@vercel%2fgatsby-plugin-vercel-analytics 652ms (cache miss)
537 silly packumentCache full:https://registry.npmjs.org/@vercel%2fgatsby-plugin-vercel-analytics set size:undefined disposed:false
538 silly fetch manifest @esbuild/linux-mips64el@0.27.0
539 silly packumentCache full:https://registry.npmjs.org/@esbuild%2flinux-mips64el cache-miss
540 http fetch GET 200 https://registry.npmjs.org/@esbuild%2fandroid-arm64 72ms (cache miss)
541 silly packumentCache full:https://registry.npmjs.org/@esbuild%2fandroid-arm64 set size:undefined disposed:false
542 silly fetch manifest @esbuild/openharmony-arm64@0.27.0
543 silly packumentCache full:https://registry.npmjs.org/@esbuild%2fopenharmony-arm64 cache-miss
544 http fetch GET 200 https://registry.npmjs.org/@esbuild%2fdarwin-arm64 85ms (cache miss)
545 silly packumentCache full:https://registry.npmjs.org/@esbuild%2fdarwin-arm64 set size:undefined disposed:false
546 silly fetch manifest ws@^8.21.0
547 silly packumentCache full:https://registry.npmjs.org/ws cache-miss
548 http fetch GET 200 https://registry.npmjs.org/@esbuild%2ffreebsd-arm64 69ms (cache miss)
549 silly packumentCache full:https://registry.npmjs.org/@esbuild%2ffreebsd-arm64 set size:undefined disposed:false
550 silly fetch manifest zod@^4.1.1
551 silly packumentCache full:https://registry.npmjs.org/zod cache-miss
552 http cache https://registry.npmjs.org/zod 26ms (cache hit)
553 silly packumentCache full:https://registry.npmjs.org/zod set size:3552562 disposed:false
554 silly fetch manifest debug@^4.4.1
555 silly packumentCache full:https://registry.npmjs.org/debug cache-miss
556 http fetch GET 200 https://registry.npmjs.org/@esbuild%2fopenbsd-arm64 97ms (cache miss)
557 silly packumentCache full:https://registry.npmjs.org/@esbuild%2fopenbsd-arm64 set size:undefined disposed:false
558 silly fetch manifest async-retry@1.3.3
559 silly packumentCache full:https://registry.npmjs.org/async-retry cache-miss
560 http cache https://registry.npmjs.org/debug 23ms (cache hit)
561 silly packumentCache full:https://registry.npmjs.org/debug set size:195840 disposed:false
562 silly fetch manifest @vercel/sandbox@2.4.0
563 silly packumentCache full:https://registry.npmjs.org/@vercel%2fsandbox cache-miss
564 http fetch GET 200 https://registry.npmjs.org/@esbuild%2fopenharmony-arm64 93ms (cache miss)
565 silly packumentCache full:https://registry.npmjs.org/@esbuild%2fopenharmony-arm64 set size:undefined disposed:false
566 silly fetch manifest @fastify/busboy@^2.0.0
567 silly packumentCache full:https://registry.npmjs.org/@fastify%2fbusboy cache-miss
568 http fetch GET 200 https://registry.npmjs.org/@esbuild%2flinux-riscv64 117ms (cache miss)
569 silly packumentCache full:https://registry.npmjs.org/@esbuild%2flinux-riscv64 set size:undefined disposed:false
570 http fetch GET 200 https://registry.npmjs.org/@esbuild%2flinux-mips64el 104ms (cache miss)
571 silly packumentCache full:https://registry.npmjs.org/@esbuild%2flinux-mips64el set size:undefined disposed:false
572 http fetch GET 200 https://registry.npmjs.org/@esbuild%2flinux-loong64 132ms (cache miss)
573 silly packumentCache full:https://registry.npmjs.org/@esbuild%2flinux-loong64 set size:undefined disposed:false
574 http cache https://registry.npmjs.org/async-retry 23ms (cache hit)
575 silly packumentCache full:https://registry.npmjs.org/async-retry set size:51916 disposed:false
576 http fetch GET 200 https://registry.npmjs.org/ws 107ms (cache miss)
577 silly packumentCache full:https://registry.npmjs.org/ws set size:undefined disposed:false
578 http fetch GET 200 https://registry.npmjs.org/@fastify%2fbusboy 58ms (cache miss)
579 silly packumentCache full:https://registry.npmjs.org/@fastify%2fbusboy set size:undefined disposed:false
580 http fetch GET 200 https://registry.npmjs.org/@vercel%2fsandbox 482ms (cache miss)
581 silly packumentCache full:https://registry.npmjs.org/@vercel%2fsandbox set size:undefined disposed:false
582 silly placeDep ROOT @vercel/nft@1.10.0 OK for: @vercel/backends@0.8.30 want: 1.10.0
583 silly placeDep ROOT @vercel/static-config@3.4.0 OK for: @vercel/backends@0.8.30 want: 3.4.0
584 silly placeDep ROOT execa@3.2.0 OK for: @vercel/backends@0.8.30 want: 3.2.0
585 silly placeDep ROOT fs-extra@11.1.0 OK for: @vercel/backends@0.8.30 want: 11.1.0
586 silly placeDep ROOT get-port@5.1.1 OK for: @vercel/backends@0.8.30 want: 5.1.1
587 silly placeDep ROOT oxc-transform@0.111.0 OK for: @vercel/backends@0.8.30 want: 0.111.0
588 silly placeDep ROOT path-to-regexp@8.3.0 OK for: @vercel/backends@0.8.30 want: 8.3.0
589 silly placeDep ROOT resolve.exports@2.0.3 OK for: @vercel/backends@0.8.30 want: 2.0.3
590 silly placeDep ROOT rolldown@1.0.0-rc.1 OK for: @vercel/backends@0.8.30 want: 1.0.0-rc.1
591 silly placeDep ROOT srvx@0.11.16 OK for: @vercel/backends@0.8.30 want: 0.11.16
592 silly placeDep ROOT ts-morph@12.0.0 OK for: @vercel/backends@0.8.30 want: 12.0.0
593 silly placeDep ROOT tsx@4.21.0 OK for: @vercel/backends@0.8.30 want: 4.21.0
594 silly placeDep node_modules/@vercel/backends zod@3.22.4 OK for: @vercel/backends@0.8.30 want: 3.22.4
595 silly fetch manifest glob@^13.0.0
596 silly packumentCache full:https://registry.npmjs.org/glob cache-miss
597 silly fetch manifest acorn@^8.6.0
598 silly packumentCache full:https://registry.npmjs.org/acorn cache-miss
599 silly fetch manifest bindings@^1.4.0
600 silly packumentCache full:https://registry.npmjs.org/bindings cache-miss
601 silly fetch manifest picomatch@^4.0.2
602 silly packumentCache full:https://registry.npmjs.org/picomatch cache-miss
603 silly fetch manifest async-sema@^3.1.1
604 silly packumentCache full:https://registry.npmjs.org/async-sema cache-miss
605 silly fetch manifest graceful-fs@^4.2.9
606 silly packumentCache full:https://registry.npmjs.org/graceful-fs cache-miss
607 silly fetch manifest resolve-from@^5.0.0
608 silly packumentCache full:https://registry.npmjs.org/resolve-from cache-miss
609 http fetch GET 200 https://registry.npmjs.org/resolve-from 77ms (cache miss)
610 silly packumentCache full:https://registry.npmjs.org/resolve-from set size:undefined disposed:false
611 silly fetch manifest estree-walker@2.0.2
612 silly packumentCache full:https://registry.npmjs.org/estree-walker cache-miss
613 http fetch GET 200 https://registry.npmjs.org/bindings 84ms (cache miss)
614 silly packumentCache full:https://registry.npmjs.org/bindings set size:undefined disposed:false
615 silly fetch manifest node-gyp-build@^4.2.2
616 silly packumentCache full:https://registry.npmjs.org/node-gyp-build cache-miss
617 http fetch GET 200 https://registry.npmjs.org/graceful-fs 89ms (cache miss)
618 silly packumentCache full:https://registry.npmjs.org/graceful-fs set size:undefined disposed:false
619 silly fetch manifest @rollup/pluginutils@^5.1.3
620 silly packumentCache full:https://registry.npmjs.org/@rollup%2fpluginutils cache-miss
621 http fetch GET 200 https://registry.npmjs.org/picomatch 95ms (cache miss)
622 silly packumentCache full:https://registry.npmjs.org/picomatch set size:undefined disposed:false
623 silly fetch manifest @mapbox/node-pre-gyp@^2.0.0
624 silly packumentCache full:https://registry.npmjs.org/@mapbox%2fnode-pre-gyp cache-miss
625 http fetch GET 200 https://registry.npmjs.org/acorn 101ms (cache miss)
626 silly packumentCache full:https://registry.npmjs.org/acorn set size:undefined disposed:false
627 silly fetch manifest acorn-import-attributes@^1.9.5
628 silly packumentCache full:https://registry.npmjs.org/acorn-import-attributes cache-miss
629 http fetch GET 200 https://registry.npmjs.org/glob 118ms (cache miss)
630 silly packumentCache full:https://registry.npmjs.org/glob set size:undefined disposed:false
631 silly fetch manifest ajv@8.6.3
632 silly packumentCache full:https://registry.npmjs.org/ajv cache-miss
633 http fetch GET 200 https://registry.npmjs.org/estree-walker 65ms (cache miss)
634 silly packumentCache full:https://registry.npmjs.org/estree-walker set size:undefined disposed:false
635 silly fetch manifest json-schema-to-ts@1.6.4
636 silly packumentCache full:https://registry.npmjs.org/json-schema-to-ts cache-miss
637 http fetch GET 200 https://registry.npmjs.org/node-gyp-build 73ms (cache miss)
638 silly packumentCache full:https://registry.npmjs.org/node-gyp-build set size:undefined disposed:false
639 silly fetch manifest onetime@^5.1.0
640 silly packumentCache full:https://registry.npmjs.org/onetime cache-miss
641 http fetch GET 200 https://registry.npmjs.org/acorn-import-attributes 61ms (cache miss)
642 silly packumentCache full:https://registry.npmjs.org/acorn-import-attributes set size:undefined disposed:false
643 silly fetch manifest is-stream@^2.0.0
644 silly packumentCache full:https://registry.npmjs.org/is-stream cache-miss
645 http fetch GET 200 https://registry.npmjs.org/@mapbox%2fnode-pre-gyp 80ms (cache miss)
646 silly packumentCache full:https://registry.npmjs.org/@mapbox%2fnode-pre-gyp set size:undefined disposed:false
647 silly fetch manifest p-finally@^2.0.0
648 silly packumentCache full:https://registry.npmjs.org/p-finally cache-miss
649 http fetch GET 200 https://registry.npmjs.org/@rollup%2fpluginutils 94ms (cache miss)
650 silly packumentCache full:https://registry.npmjs.org/@rollup%2fpluginutils set size:undefined disposed:false
651 silly fetch manifest get-stream@^5.0.0
652 silly packumentCache full:https://registry.npmjs.org/get-stream cache-miss
653 http fetch GET 200 https://registry.npmjs.org/json-schema-to-ts 58ms (cache miss)
654 silly packumentCache full:https://registry.npmjs.org/json-schema-to-ts set size:undefined disposed:false
655 silly fetch manifest cross-spawn@^7.0.0
656 silly packumentCache full:https://registry.npmjs.org/cross-spawn cache-miss
657 http fetch GET 200 https://registry.npmjs.org/onetime 53ms (cache miss)
658 silly packumentCache full:https://registry.npmjs.org/onetime set size:undefined disposed:false
659 silly fetch manifest signal-exit@^3.0.2
660 silly packumentCache full:https://registry.npmjs.org/signal-exit cache-miss
661 http fetch GET 200 https://registry.npmjs.org/is-stream 57ms (cache miss)
662 silly packumentCache full:https://registry.npmjs.org/is-stream set size:undefined disposed:false
663 silly fetch manifest merge-stream@^2.0.0
664 silly packumentCache full:https://registry.npmjs.org/merge-stream cache-miss
665 http fetch GET 200 https://registry.npmjs.org/p-finally 54ms (cache miss)
666 silly packumentCache full:https://registry.npmjs.org/p-finally set size:undefined disposed:false
667 silly fetch manifest npm-run-path@^4.0.0
668 silly packumentCache full:https://registry.npmjs.org/npm-run-path cache-miss
669 http fetch GET 200 https://registry.npmjs.org/get-stream 50ms (cache miss)
670 silly packumentCache full:https://registry.npmjs.org/get-stream set size:undefined disposed:false
671 silly fetch manifest human-signals@^1.1.1
672 silly packumentCache full:https://registry.npmjs.org/human-signals cache-miss
673 http fetch GET 200 https://registry.npmjs.org/ajv 119ms (cache miss)
674 silly packumentCache full:https://registry.npmjs.org/ajv set size:undefined disposed:false
675 silly fetch manifest strip-final-newline@^2.0.0
676 silly packumentCache full:https://registry.npmjs.org/strip-final-newline cache-miss
677 http fetch GET 200 https://registry.npmjs.org/cross-spawn 53ms (cache miss)
678 silly packumentCache full:https://registry.npmjs.org/cross-spawn set size:undefined disposed:false
679 silly fetch manifest jsonfile@^6.0.1
680 silly packumentCache full:https://registry.npmjs.org/jsonfile cache-miss
681 http fetch GET 200 https://registry.npmjs.org/signal-exit 55ms (cache miss)
682 silly packumentCache full:https://registry.npmjs.org/signal-exit set size:undefined disposed:false
683 silly fetch manifest graceful-fs@^4.2.0
684 silly packumentCache full:https://registry.npmjs.org/graceful-fs cache-miss
685 http fetch GET 200 https://registry.npmjs.org/merge-stream 50ms (cache miss)
686 silly packumentCache full:https://registry.npmjs.org/merge-stream set size:undefined disposed:false
687 silly fetch manifest universalify@^2.0.0
688 silly packumentCache full:https://registry.npmjs.org/universalify cache-miss
689 http cache https://registry.npmjs.org/graceful-fs 20ms (cache hit)
690 silly packumentCache full:https://registry.npmjs.org/graceful-fs set size:124285 disposed:false
691 silly fetch manifest @oxc-transform/binding-darwin-x64@0.111.0
692 silly packumentCache full:https://registry.npmjs.org/@oxc-transform%2fbinding-darwin-x64 cache-miss
693 http fetch GET 200 https://registry.npmjs.org/human-signals 58ms (cache miss)
694 silly packumentCache full:https://registry.npmjs.org/human-signals set size:undefined disposed:false
695 silly fetch manifest @oxc-transform/binding-freebsd-x64@0.111.0
696 silly packumentCache full:https://registry.npmjs.org/@oxc-transform%2fbinding-freebsd-x64 cache-miss
697 http fetch GET 200 https://registry.npmjs.org/npm-run-path 70ms (cache miss)
698 silly packumentCache full:https://registry.npmjs.org/npm-run-path set size:undefined disposed:false
699 silly fetch manifest @oxc-transform/binding-wasm32-wasi@0.111.0
700 silly packumentCache full:https://registry.npmjs.org/@oxc-transform%2fbinding-wasm32-wasi cache-miss
701 http fetch GET 200 https://registry.npmjs.org/strip-final-newline 56ms (cache miss)
702 silly packumentCache full:https://registry.npmjs.org/strip-final-newline set size:undefined disposed:false
703 silly fetch manifest @oxc-transform/binding-darwin-arm64@0.111.0
704 silly packumentCache full:https://registry.npmjs.org/@oxc-transform%2fbinding-darwin-arm64 cache-miss
705 http fetch GET 200 https://registry.npmjs.org/async-sema 321ms (cache miss)
706 silly packumentCache full:https://registry.npmjs.org/async-sema set size:undefined disposed:false
707 silly fetch manifest @oxc-transform/binding-android-arm64@0.111.0
708 silly packumentCache full:https://registry.npmjs.org/@oxc-transform%2fbinding-android-arm64 cache-miss
709 http fetch GET 200 https://registry.npmjs.org/jsonfile 64ms (cache miss)
710 silly packumentCache full:https://registry.npmjs.org/jsonfile set size:undefined disposed:false
711 silly fetch manifest @oxc-transform/binding-linux-x64-gnu@0.111.0
712 silly packumentCache full:https://registry.npmjs.org/@oxc-transform%2fbinding-linux-x64-gnu cache-miss
713 http fetch GET 200 https://registry.npmjs.org/universalify 56ms (cache miss)
714 silly packumentCache full:https://registry.npmjs.org/universalify set size:undefined disposed:false
715 silly fetch manifest @oxc-transform/binding-linux-x64-musl@0.111.0
716 silly packumentCache full:https://registry.npmjs.org/@oxc-transform%2fbinding-linux-x64-musl cache-miss
717 http fetch GET 200 https://registry.npmjs.org/@oxc-transform%2fbinding-darwin-x64 222ms (cache miss)
718 silly packumentCache full:https://registry.npmjs.org/@oxc-transform%2fbinding-darwin-x64 set size:undefined disposed:false
719 silly fetch manifest @oxc-transform/binding-win32-x64-msvc@0.111.0
720 silly packumentCache full:https://registry.npmjs.org/@oxc-transform%2fbinding-win32-x64-msvc cache-miss
721 http fetch GET 200 https://registry.npmjs.org/@oxc-transform%2fbinding-linux-x64-musl 234ms (cache miss)
722 silly packumentCache full:https://registry.npmjs.org/@oxc-transform%2fbinding-linux-x64-musl set size:undefined disposed:false
723 silly fetch manifest @oxc-transform/binding-linux-arm64-gnu@0.111.0
724 silly packumentCache full:https://registry.npmjs.org/@oxc-transform%2fbinding-linux-arm64-gnu cache-miss
725 http fetch GET 200 https://registry.npmjs.org/@oxc-transform%2fbinding-darwin-arm64 449ms (cache miss)
726 silly packumentCache full:https://registry.npmjs.org/@oxc-transform%2fbinding-darwin-arm64 set size:undefined disposed:false
727 silly fetch manifest @oxc-transform/binding-linux-ppc64-gnu@0.111.0
728 silly packumentCache full:https://registry.npmjs.org/@oxc-transform%2fbinding-linux-ppc64-gnu cache-miss
729 http fetch GET 200 https://registry.npmjs.org/@oxc-transform%2fbinding-wasm32-wasi 474ms (cache miss)
730 silly packumentCache full:https://registry.npmjs.org/@oxc-transform%2fbinding-wasm32-wasi set size:undefined disposed:false
731 silly fetch manifest @oxc-transform/binding-linux-s390x-gnu@0.111.0
732 silly packumentCache full:https://registry.npmjs.org/@oxc-transform%2fbinding-linux-s390x-gnu cache-miss
733 http fetch GET 200 https://registry.npmjs.org/@oxc-transform%2fbinding-win32-x64-msvc 285ms (cache miss)
734 silly packumentCache full:https://registry.npmjs.org/@oxc-transform%2fbinding-win32-x64-msvc set size:undefined disposed:false
735 silly fetch manifest @oxc-transform/binding-win32-ia32-msvc@0.111.0
736 silly packumentCache full:https://registry.npmjs.org/@oxc-transform%2fbinding-win32-ia32-msvc cache-miss
737 http fetch GET 200 https://registry.npmjs.org/@oxc-transform%2fbinding-freebsd-x64 524ms (cache miss)
738 silly packumentCache full:https://registry.npmjs.org/@oxc-transform%2fbinding-freebsd-x64 set size:undefined disposed:false
739 silly fetch manifest @oxc-transform/binding-android-arm-eabi@0.111.0
740 silly packumentCache full:https://registry.npmjs.org/@oxc-transform%2fbinding-android-arm-eabi cache-miss
741 http fetch GET 200 https://registry.npmjs.org/@oxc-transform%2fbinding-linux-x64-gnu 501ms (cache miss)
742 silly packumentCache full:https://registry.npmjs.org/@oxc-transform%2fbinding-linux-x64-gnu set size:undefined disposed:false
743 silly fetch manifest @oxc-transform/binding-linux-arm64-musl@0.111.0
744 silly packumentCache full:https://registry.npmjs.org/@oxc-transform%2fbinding-linux-arm64-musl cache-miss
745 http fetch GET 200 https://registry.npmjs.org/@oxc-transform%2fbinding-android-arm64 520ms (cache miss)
746 silly packumentCache full:https://registry.npmjs.org/@oxc-transform%2fbinding-android-arm64 set size:undefined disposed:false
747 silly fetch manifest @oxc-transform/binding-win32-arm64-msvc@0.111.0
748 silly packumentCache full:https://registry.npmjs.org/@oxc-transform%2fbinding-win32-arm64-msvc cache-miss
749 http fetch GET 200 https://registry.npmjs.org/@oxc-transform%2fbinding-linux-ppc64-gnu 239ms (cache miss)
750 silly packumentCache full:https://registry.npmjs.org/@oxc-transform%2fbinding-linux-ppc64-gnu set size:undefined disposed:false
751 silly fetch manifest @oxc-transform/binding-linux-riscv64-gnu@0.111.0
752 silly packumentCache full:https://registry.npmjs.org/@oxc-transform%2fbinding-linux-riscv64-gnu cache-miss
753 http fetch GET 200 https://registry.npmjs.org/@oxc-transform%2fbinding-linux-arm64-gnu 457ms (cache miss)
754 silly packumentCache full:https://registry.npmjs.org/@oxc-transform%2fbinding-linux-arm64-gnu set size:undefined disposed:false
755 silly fetch manifest @oxc-transform/binding-openharmony-arm64@0.111.0
756 silly packumentCache full:https://registry.npmjs.org/@oxc-transform%2fbinding-openharmony-arm64 cache-miss
757 http fetch GET 200 https://registry.npmjs.org/@oxc-transform%2fbinding-linux-s390x-gnu 456ms (cache miss)
758 silly packumentCache full:https://registry.npmjs.org/@oxc-transform%2fbinding-linux-s390x-gnu set size:undefined disposed:false
759 silly fetch manifest @oxc-transform/binding-linux-riscv64-musl@0.111.0
760 silly packumentCache full:https://registry.npmjs.org/@oxc-transform%2fbinding-linux-riscv64-musl cache-miss
761 http fetch GET 200 https://registry.npmjs.org/@oxc-transform%2fbinding-win32-ia32-msvc 492ms (cache miss)
762 silly packumentCache full:https://registry.npmjs.org/@oxc-transform%2fbinding-win32-ia32-msvc set size:undefined disposed:false
763 silly fetch manifest @oxc-transform/binding-linux-arm-gnueabihf@0.111.0
764 silly packumentCache full:https://registry.npmjs.org/@oxc-transform%2fbinding-linux-arm-gnueabihf cache-miss
765 http fetch GET 200 https://registry.npmjs.org/@oxc-transform%2fbinding-linux-arm64-musl 484ms (cache miss)
766 silly packumentCache full:https://registry.npmjs.org/@oxc-transform%2fbinding-linux-arm64-musl set size:undefined disposed:false
767 silly fetch manifest @oxc-transform/binding-linux-arm-musleabihf@0.111.0
768 silly packumentCache full:https://registry.npmjs.org/@oxc-transform%2fbinding-linux-arm-musleabihf cache-miss
769 http fetch GET 200 https://registry.npmjs.org/@oxc-transform%2fbinding-linux-riscv64-gnu 482ms (cache miss)
770 silly packumentCache full:https://registry.npmjs.org/@oxc-transform%2fbinding-linux-riscv64-gnu set size:undefined disposed:false
771 silly fetch manifest @oxc-project/types@=0.110.0
772 silly packumentCache full:https://registry.npmjs.org/@oxc-project%2ftypes cache-miss
773 http fetch GET 200 https://registry.npmjs.org/@oxc-transform%2fbinding-openharmony-arm64 471ms (cache miss)
774 silly packumentCache full:https://registry.npmjs.org/@oxc-transform%2fbinding-openharmony-arm64 set size:undefined disposed:false
775 silly fetch manifest @rolldown/pluginutils@1.0.0-rc.1
776 silly packumentCache full:https://registry.npmjs.org/@rolldown%2fpluginutils cache-miss
777 http fetch GET 200 https://registry.npmjs.org/@oxc-transform%2fbinding-win32-arm64-msvc 686ms (cache miss)
778 silly packumentCache full:https://registry.npmjs.org/@oxc-transform%2fbinding-win32-arm64-msvc set size:undefined disposed:false
779 silly fetch manifest @rolldown/binding-darwin-x64@1.0.0-rc.1
780 silly packumentCache full:https://registry.npmjs.org/@rolldown%2fbinding-darwin-x64 cache-miss
781 http fetch GET 200 https://registry.npmjs.org/@oxc-transform%2fbinding-android-arm-eabi 717ms (cache miss)
782 silly packumentCache full:https://registry.npmjs.org/@oxc-transform%2fbinding-android-arm-eabi set size:undefined disposed:false
783 silly fetch manifest @rolldown/binding-freebsd-x64@1.0.0-rc.1
784 silly packumentCache full:https://registry.npmjs.org/@rolldown%2fbinding-freebsd-x64 cache-miss
785 http fetch GET 200 https://registry.npmjs.org/@oxc-project%2ftypes 63ms (cache miss)
786 silly packumentCache full:https://registry.npmjs.org/@oxc-project%2ftypes set size:undefined disposed:false
787 silly fetch manifest @rolldown/binding-wasm32-wasi@1.0.0-rc.1
788 silly packumentCache full:https://registry.npmjs.org/@rolldown%2fbinding-wasm32-wasi cache-miss
789 http fetch GET 200 https://registry.npmjs.org/@rolldown%2fpluginutils 64ms (cache miss)
790 silly packumentCache full:https://registry.npmjs.org/@rolldown%2fpluginutils set size:undefined disposed:false
791 silly fetch manifest @rolldown/binding-darwin-arm64@1.0.0-rc.1
792 silly packumentCache full:https://registry.npmjs.org/@rolldown%2fbinding-darwin-arm64 cache-miss
793 http fetch GET 200 https://registry.npmjs.org/@rolldown%2fbinding-freebsd-x64 111ms (cache miss)
794 silly packumentCache full:https://registry.npmjs.org/@rolldown%2fbinding-freebsd-x64 set size:undefined disposed:false
795 silly fetch manifest @rolldown/binding-android-arm64@1.0.0-rc.1
796 silly packumentCache full:https://registry.npmjs.org/@rolldown%2fbinding-android-arm64 cache-miss
797 http fetch GET 200 https://registry.npmjs.org/@rolldown%2fbinding-darwin-x64 151ms (cache miss)
798 silly packumentCache full:https://registry.npmjs.org/@rolldown%2fbinding-darwin-x64 set size:undefined disposed:false
799 silly fetch manifest @rolldown/binding-linux-x64-gnu@1.0.0-rc.1
800 silly packumentCache full:https://registry.npmjs.org/@rolldown%2fbinding-linux-x64-gnu cache-miss
801 http fetch GET 200 https://registry.npmjs.org/@rolldown%2fbinding-wasm32-wasi 140ms (cache miss)
802 silly packumentCache full:https://registry.npmjs.org/@rolldown%2fbinding-wasm32-wasi set size:undefined disposed:false
803 silly fetch manifest @rolldown/binding-linux-x64-musl@1.0.0-rc.1
804 silly packumentCache full:https://registry.npmjs.org/@rolldown%2fbinding-linux-x64-musl cache-miss
805 http fetch GET 200 https://registry.npmjs.org/@rolldown%2fbinding-darwin-arm64 145ms (cache miss)
806 silly packumentCache full:https://registry.npmjs.org/@rolldown%2fbinding-darwin-arm64 set size:undefined disposed:false
807 silly fetch manifest @rolldown/binding-win32-x64-msvc@1.0.0-rc.1
808 silly packumentCache full:https://registry.npmjs.org/@rolldown%2fbinding-win32-x64-msvc cache-miss
809 http fetch GET 200 https://registry.npmjs.org/@rolldown%2fbinding-android-arm64 72ms (cache miss)
810 silly packumentCache full:https://registry.npmjs.org/@rolldown%2fbinding-android-arm64 set size:undefined disposed:false
811 silly fetch manifest @rolldown/binding-linux-arm64-gnu@1.0.0-rc.1
812 silly packumentCache full:https://registry.npmjs.org/@rolldown%2fbinding-linux-arm64-gnu cache-miss
813 http fetch GET 200 https://registry.npmjs.org/@oxc-transform%2fbinding-linux-arm-gnueabihf 453ms (cache miss)
814 silly packumentCache full:https://registry.npmjs.org/@oxc-transform%2fbinding-linux-arm-gnueabihf set size:undefined disposed:false
815 silly fetch manifest @rolldown/binding-linux-arm64-musl@1.0.0-rc.1
816 silly packumentCache full:https://registry.npmjs.org/@rolldown%2fbinding-linux-arm64-musl cache-miss
817 http fetch GET 200 https://registry.npmjs.org/@oxc-transform%2fbinding-linux-riscv64-musl 515ms (cache miss)
818 silly packumentCache full:https://registry.npmjs.org/@oxc-transform%2fbinding-linux-riscv64-musl set size:undefined disposed:false
819 silly fetch manifest @rolldown/binding-win32-arm64-msvc@1.0.0-rc.1
820 silly packumentCache full:https://registry.npmjs.org/@rolldown%2fbinding-win32-arm64-msvc cache-miss
821 http fetch GET 200 https://registry.npmjs.org/@rolldown%2fbinding-linux-x64-gnu 120ms (cache miss)
822 silly packumentCache full:https://registry.npmjs.org/@rolldown%2fbinding-linux-x64-gnu set size:undefined disposed:false
823 silly fetch manifest @rolldown/binding-openharmony-arm64@1.0.0-rc.1
824 silly packumentCache full:https://registry.npmjs.org/@rolldown%2fbinding-openharmony-arm64 cache-miss
825 http fetch GET 200 https://registry.npmjs.org/@rolldown%2fbinding-linux-x64-musl 119ms (cache miss)
826 silly packumentCache full:https://registry.npmjs.org/@rolldown%2fbinding-linux-x64-musl set size:undefined disposed:false
827 silly fetch manifest @rolldown/binding-linux-arm-gnueabihf@1.0.0-rc.1
828 silly packumentCache full:https://registry.npmjs.org/@rolldown%2fbinding-linux-arm-gnueabihf cache-miss
829 http fetch GET 200 https://registry.npmjs.org/@rolldown%2fbinding-openharmony-arm64 76ms (cache miss)
830 silly packumentCache full:https://registry.npmjs.org/@rolldown%2fbinding-openharmony-arm64 set size:undefined disposed:false
831 silly fetch manifest @ts-morph/common@~0.11.0
832 silly packumentCache full:https://registry.npmjs.org/@ts-morph%2fcommon cache-miss
833 http fetch GET 200 https://registry.npmjs.org/@rolldown%2fbinding-win32-x64-msvc 174ms (cache miss)
834 silly packumentCache full:https://registry.npmjs.org/@rolldown%2fbinding-win32-x64-msvc set size:undefined disposed:false
835 silly fetch manifest code-block-writer@^10.1.1
836 silly packumentCache full:https://registry.npmjs.org/code-block-writer cache-miss
837 http fetch GET 200 https://registry.npmjs.org/@rolldown%2fbinding-linux-arm64-gnu 176ms (cache miss)
838 silly packumentCache full:https://registry.npmjs.org/@rolldown%2fbinding-linux-arm64-gnu set size:undefined disposed:false
839 silly fetch manifest get-tsconfig@^4.7.5
840 silly packumentCache full:https://registry.npmjs.org/get-tsconfig cache-miss
841 http fetch GET 200 https://registry.npmjs.org/@rolldown%2fbinding-win32-arm64-msvc 173ms (cache miss)
842 silly packumentCache full:https://registry.npmjs.org/@rolldown%2fbinding-win32-arm64-msvc set size:undefined disposed:false
843 silly fetch manifest fsevents@~2.3.3
844 silly packumentCache full:https://registry.npmjs.org/fsevents cache-miss
845 http fetch GET 200 https://registry.npmjs.org/@rolldown%2fbinding-linux-arm64-musl 188ms (cache miss)
846 silly packumentCache full:https://registry.npmjs.org/@rolldown%2fbinding-linux-arm64-musl set size:undefined disposed:false
847 http fetch GET 200 https://registry.npmjs.org/@ts-morph%2fcommon 79ms (cache miss)
848 silly packumentCache full:https://registry.npmjs.org/@ts-morph%2fcommon set size:undefined disposed:false
849 http fetch GET 200 https://registry.npmjs.org/code-block-writer 79ms (cache miss)
850 silly packumentCache full:https://registry.npmjs.org/code-block-writer set size:undefined disposed:false
851 http fetch GET 200 https://registry.npmjs.org/get-tsconfig 76ms (cache miss)
852 silly packumentCache full:https://registry.npmjs.org/get-tsconfig set size:undefined disposed:false
853 http fetch GET 200 https://registry.npmjs.org/fsevents 69ms (cache miss)
854 silly packumentCache full:https://registry.npmjs.org/fsevents set size:undefined disposed:false
855 http fetch GET 200 https://registry.npmjs.org/@oxc-transform%2fbinding-linux-arm-musleabihf 692ms (cache miss)
856 silly packumentCache full:https://registry.npmjs.org/@oxc-transform%2fbinding-linux-arm-musleabihf set size:undefined disposed:false
857 http fetch GET 200 https://registry.npmjs.org/@rolldown%2fbinding-linux-arm-gnueabihf 210ms (cache miss)
858 silly packumentCache full:https://registry.npmjs.org/@rolldown%2fbinding-linux-arm-gnueabihf set size:undefined disposed:false
859 silly placeDep ROOT async-retry@1.3.3 OK for: @vercel/blob@2.4.0 want: ^1.3.3
860 silly placeDep ROOT is-buffer@2.0.5 OK for: @vercel/blob@2.4.0 want: ^2.0.5
861 silly placeDep ROOT is-node-process@1.2.0 OK for: @vercel/blob@2.4.0 want: ^1.2.0
862 silly placeDep ROOT throttleit@2.1.0 OK for: @vercel/blob@2.4.0 want: ^2.1.0
863 silly placeDep node_modules/@vercel/blob undici@6.28.0 OK for: @vercel/blob@2.4.0 want: ^6.23.0
864 silly fetch manifest retry@0.13.1
865 silly packumentCache full:https://registry.npmjs.org/retry cache-miss
866 http fetch GET 200 https://registry.npmjs.org/retry 52ms (cache miss)
867 silly packumentCache full:https://registry.npmjs.org/retry set size:undefined disposed:false
868 silly placeDep ROOT @vercel/python-analysis@0.12.0 OK for: @vercel/build-utils@13.36.3 want: 0.12.0
869 silly placeDep ROOT cjs-module-lexer@1.2.3 OK for: @vercel/build-utils@13.36.3 want: 1.2.3
870 silly placeDep ROOT es-module-lexer@1.5.0 OK for: @vercel/build-utils@13.36.3 want: 1.5.0
871 silly fetch manifest js-yaml@4.1.1
872 silly packumentCache full:https://registry.npmjs.org/js-yaml cache-miss
873 silly fetch manifest fs-extra@11.1.1
874 silly packumentCache full:https://registry.npmjs.org/fs-extra cache-miss
875 silly fetch manifest minimatch@10.1.1
876 silly packumentCache full:https://registry.npmjs.org/minimatch cache-miss
877 silly fetch manifest @renovatebot/pep440@4.2.1
878 silly packumentCache full:https://registry.npmjs.org/@renovatebot%2fpep440 cache-miss
879 silly fetch manifest @bytecodealliance/preview2-shim@0.17.6
880 silly packumentCache full:https://registry.npmjs.org/@bytecodealliance%2fpreview2-shim cache-miss
881 http cache https://registry.npmjs.org/fs-extra 24ms (cache hit)
882 silly packumentCache full:https://registry.npmjs.org/fs-extra set size:239581 disposed:false
883 http fetch GET 200 https://registry.npmjs.org/js-yaml 67ms (cache miss)
884 silly packumentCache full:https://registry.npmjs.org/js-yaml set size:undefined disposed:false
885 http fetch GET 200 https://registry.npmjs.org/minimatch 75ms (cache miss)
886 silly packumentCache full:https://registry.npmjs.org/minimatch set size:undefined disposed:false
887 http fetch GET 200 https://registry.npmjs.org/@bytecodealliance%2fpreview2-shim 255ms (cache miss)
888 silly packumentCache full:https://registry.npmjs.org/@bytecodealliance%2fpreview2-shim set size:undefined disposed:false
889 http fetch GET 200 https://registry.npmjs.org/@renovatebot%2fpep440 463ms (cache miss)
890 silly packumentCache full:https://registry.npmjs.org/@renovatebot%2fpep440 set size:undefined disposed:false
891 silly placeDep ROOT @napi-rs/keyring@1.2.0 OK for: @vercel/cli-auth@0.3.1 want: 1.2.0
892 silly placeDep ROOT async-listen@3.0.0 OK for: @vercel/cli-auth@0.3.1 want: 3.0.0
893 silly placeDep ROOT open@8.4.0 OK for: @vercel/cli-auth@0.3.1 want: 8.4.0
894 silly fetch manifest @napi-rs/keyring-darwin-x64@1.2.0
895 silly packumentCache full:https://registry.npmjs.org/@napi-rs%2fkeyring-darwin-x64 cache-miss
896 silly fetch manifest @napi-rs/keyring-freebsd-x64@1.2.0
897 silly packumentCache full:https://registry.npmjs.org/@napi-rs%2fkeyring-freebsd-x64 cache-miss
898 silly fetch manifest @napi-rs/keyring-darwin-arm64@1.2.0
899 silly packumentCache full:https://registry.npmjs.org/@napi-rs%2fkeyring-darwin-arm64 cache-miss
900 silly fetch manifest @napi-rs/keyring-linux-x64-gnu@1.2.0
901 silly packumentCache full:https://registry.npmjs.org/@napi-rs%2fkeyring-linux-x64-gnu cache-miss
902 silly fetch manifest @napi-rs/keyring-linux-x64-musl@1.2.0
903 silly packumentCache full:https://registry.npmjs.org/@napi-rs%2fkeyring-linux-x64-musl cache-miss
904 silly fetch manifest @napi-rs/keyring-win32-x64-msvc@1.2.0
905 silly packumentCache full:https://registry.npmjs.org/@napi-rs%2fkeyring-win32-x64-msvc cache-miss
906 silly fetch manifest @napi-rs/keyring-linux-arm64-gnu@1.2.0
907 silly packumentCache full:https://registry.npmjs.org/@napi-rs%2fkeyring-linux-arm64-gnu cache-miss
908 http fetch GET 200 https://registry.npmjs.org/@napi-rs%2fkeyring-win32-x64-msvc 225ms (cache miss)
909 silly packumentCache full:https://registry.npmjs.org/@napi-rs%2fkeyring-win32-x64-msvc set size:undefined disposed:false
910 silly fetch manifest @napi-rs/keyring-win32-ia32-msvc@1.2.0
911 silly packumentCache full:https://registry.npmjs.org/@napi-rs%2fkeyring-win32-ia32-msvc cache-miss
912 http fetch GET 200 https://registry.npmjs.org/@napi-rs%2fkeyring-freebsd-x64 230ms (cache miss)
913 silly packumentCache full:https://registry.npmjs.org/@napi-rs%2fkeyring-freebsd-x64 set size:undefined disposed:false
914 silly fetch manifest @napi-rs/keyring-linux-arm64-musl@1.2.0
915 silly packumentCache full:https://registry.npmjs.org/@napi-rs%2fkeyring-linux-arm64-musl cache-miss
916 http fetch GET 200 https://registry.npmjs.org/@napi-rs%2fkeyring-linux-x64-gnu 242ms (cache miss)
917 silly packumentCache full:https://registry.npmjs.org/@napi-rs%2fkeyring-linux-x64-gnu set size:undefined disposed:false
918 silly fetch manifest @napi-rs/keyring-win32-arm64-msvc@1.2.0
919 silly packumentCache full:https://registry.npmjs.org/@napi-rs%2fkeyring-win32-arm64-msvc cache-miss
920 http fetch GET 200 https://registry.npmjs.org/@napi-rs%2fkeyring-linux-x64-musl 415ms (cache miss)
921 silly packumentCache full:https://registry.npmjs.org/@napi-rs%2fkeyring-linux-x64-musl set size:undefined disposed:false
922 silly fetch manifest @napi-rs/keyring-linux-riscv64-gnu@1.2.0
923 silly packumentCache full:https://registry.npmjs.org/@napi-rs%2fkeyring-linux-riscv64-gnu cache-miss
924 http fetch GET 200 https://registry.npmjs.org/@napi-rs%2fkeyring-darwin-arm64 423ms (cache miss)
925 silly packumentCache full:https://registry.npmjs.org/@napi-rs%2fkeyring-darwin-arm64 set size:undefined disposed:false
926 silly fetch manifest @napi-rs/keyring-linux-arm-gnueabihf@1.2.0
927 silly packumentCache full:https://registry.npmjs.org/@napi-rs%2fkeyring-linux-arm-gnueabihf cache-miss
928 http fetch GET 200 https://registry.npmjs.org/@napi-rs%2fkeyring-linux-arm64-musl 209ms (cache miss)
929 silly packumentCache full:https://registry.npmjs.org/@napi-rs%2fkeyring-linux-arm64-musl set size:undefined disposed:false
930 silly fetch manifest is-wsl@^2.2.0
931 silly packumentCache full:https://registry.npmjs.org/is-wsl cache-miss
932 http fetch GET 200 https://registry.npmjs.org/@napi-rs%2fkeyring-win32-ia32-msvc 216ms (cache miss)
933 silly packumentCache full:https://registry.npmjs.org/@napi-rs%2fkeyring-win32-ia32-msvc set size:undefined disposed:false
934 silly fetch manifest is-docker@^2.1.1
935 silly packumentCache full:https://registry.npmjs.org/is-docker cache-miss
936 http fetch GET 200 https://registry.npmjs.org/@napi-rs%2fkeyring-darwin-x64 474ms (cache miss)
937 silly packumentCache full:https://registry.npmjs.org/@napi-rs%2fkeyring-darwin-x64 set size:undefined disposed:false
938 silly fetch manifest define-lazy-prop@^2.0.0
939 silly packumentCache full:https://registry.npmjs.org/define-lazy-prop cache-miss
940 http fetch GET 200 https://registry.npmjs.org/is-wsl 52ms (cache miss)
941 silly packumentCache full:https://registry.npmjs.org/is-wsl set size:undefined disposed:false
942 http fetch GET 200 https://registry.npmjs.org/is-docker 51ms (cache miss)
943 silly packumentCache full:https://registry.npmjs.org/is-docker set size:undefined disposed:false
944 http fetch GET 200 https://registry.npmjs.org/@napi-rs%2fkeyring-linux-arm64-gnu 510ms (cache miss)
945 silly packumentCache full:https://registry.npmjs.org/@napi-rs%2fkeyring-linux-arm64-gnu set size:undefined disposed:false
946 http fetch GET 200 https://registry.npmjs.org/define-lazy-prop 50ms (cache miss)
947 silly packumentCache full:https://registry.npmjs.org/define-lazy-prop set size:undefined disposed:false
948 http fetch GET 200 https://registry.npmjs.org/@napi-rs%2fkeyring-linux-arm-gnueabihf 232ms (cache miss)
949 silly packumentCache full:https://registry.npmjs.org/@napi-rs%2fkeyring-linux-arm-gnueabihf set size:undefined disposed:false
950 http fetch GET 200 https://registry.npmjs.org/@napi-rs%2fkeyring-win32-arm64-msvc 445ms (cache miss)
951 silly packumentCache full:https://registry.npmjs.org/@napi-rs%2fkeyring-win32-arm64-msvc set size:undefined disposed:false
952 http fetch GET 200 https://registry.npmjs.org/@napi-rs%2fkeyring-linux-riscv64-gnu 482ms (cache miss)
953 silly packumentCache full:https://registry.npmjs.org/@napi-rs%2fkeyring-linux-riscv64-gnu set size:undefined disposed:false
954 silly placeDep ROOT @napi-rs/keyring-darwin-arm64@1.2.0 OK for: @napi-rs/keyring@1.2.0 want: 1.2.0
955 silly placeDep ROOT @napi-rs/keyring-darwin-x64@1.2.0 OK for: @napi-rs/keyring@1.2.0 want: 1.2.0
956 silly placeDep ROOT @napi-rs/keyring-freebsd-x64@1.2.0 OK for: @napi-rs/keyring@1.2.0 want: 1.2.0
957 silly placeDep ROOT @napi-rs/keyring-linux-arm-gnueabihf@1.2.0 OK for: @napi-rs/keyring@1.2.0 want: 1.2.0
958 silly placeDep ROOT @napi-rs/keyring-linux-arm64-gnu@1.2.0 OK for: @napi-rs/keyring@1.2.0 want: 1.2.0
959 silly placeDep ROOT @napi-rs/keyring-linux-arm64-musl@1.2.0 OK for: @napi-rs/keyring@1.2.0 want: 1.2.0
960 silly placeDep ROOT @napi-rs/keyring-linux-riscv64-gnu@1.2.0 OK for: @napi-rs/keyring@1.2.0 want: 1.2.0
961 silly placeDep ROOT @napi-rs/keyring-linux-x64-gnu@1.2.0 OK for: @napi-rs/keyring@1.2.0 want: 1.2.0
962 silly placeDep ROOT @napi-rs/keyring-linux-x64-musl@1.2.0 OK for: @napi-rs/keyring@1.2.0 want: 1.2.0
963 silly placeDep ROOT @napi-rs/keyring-win32-arm64-msvc@1.2.0 OK for: @napi-rs/keyring@1.2.0 want: 1.2.0
964 silly placeDep ROOT @napi-rs/keyring-win32-ia32-msvc@1.2.0 OK for: @napi-rs/keyring@1.2.0 want: 1.2.0
965 silly placeDep ROOT @napi-rs/keyring-win32-x64-msvc@1.2.0 OK for: @napi-rs/keyring@1.2.0 want: 1.2.0
966 silly placeDep ROOT xdg-app-paths@5.5.1 OK for: @vercel/cli-config@0.2.1 want: 5
967 silly fetch manifest os-paths@^4.0.1
968 silly packumentCache full:https://registry.npmjs.org/os-paths cache-miss
969 silly fetch manifest xdg-portable@^7.2.0
970 silly packumentCache full:https://registry.npmjs.org/xdg-portable cache-miss
971 http fetch GET 200 https://registry.npmjs.org/xdg-portable 74ms (cache miss)
972 silly packumentCache full:https://registry.npmjs.org/xdg-portable set size:undefined disposed:false
973 http fetch GET 200 https://registry.npmjs.org/os-paths 83ms (cache miss)
974 silly packumentCache full:https://registry.npmjs.org/os-paths set size:undefined disposed:false
975 silly placeDep ROOT @vercel/cervel@0.1.38 OK for: @vercel/express@0.1.121 want: 0.1.38
976 silly placeDep node_modules/@vercel/express zod@3.22.4 OK for: @vercel/express@0.1.121 want: 3.22.4
977 silly fetch manifest encoding@^0.1.0
978 silly packumentCache full:https://registry.npmjs.org/encoding cache-miss
979 http fetch GET 200 https://registry.npmjs.org/encoding 47ms (cache miss)
980 silly packumentCache full:https://registry.npmjs.org/encoding set size:undefined disposed:false
981 silly placeDep ROOT @tootallnate/once@2.0.0 OK for: @vercel/fun@1.3.0 want: 2.0.0
982 silly placeDep node_modules/@vercel/fun async-listen@1.2.0 OK for: @vercel/fun@1.3.0 want: 1.2.0
983 silly placeDep ROOT debug@4.3.4 OK for: @vercel/fun@1.3.0 want: 4.3.4
984 silly placeDep ROOT generic-pool@3.4.2 OK for: @vercel/fun@1.3.0 want: 3.4.2
985 silly placeDep ROOT micro@9.3.5-canary.3 OK for: @vercel/fun@1.3.0 want: 9.3.5-canary.3
986 silly placeDep ROOT ms@2.1.1 OK for: @vercel/fun@1.3.0 want: 2.1.1
987 silly placeDep ROOT node-fetch@2.6.7 OK for: @vercel/fun@1.3.0 want: 2.6.7
988 silly placeDep node_modules/@vercel/fun path-to-regexp@8.2.0 OK for: @vercel/fun@1.3.0 want: 8.2.0
989 silly placeDep ROOT promisepipe@3.0.0 OK for: @vercel/fun@1.3.0 want: 3.0.0
990 silly placeDep ROOT semver@7.5.4 OK for: @vercel/fun@1.3.0 want: 7.5.4
991 silly placeDep ROOT stat-mode@0.3.0 OK for: @vercel/fun@1.3.0 want: 0.3.0
992 silly placeDep ROOT stream-to-promise@2.2.0 OK for: @vercel/fun@1.3.0 want: 2.2.0
993 silly placeDep ROOT tar@7.5.7 OK for: @vercel/fun@1.3.0 want: 7.5.7
994 silly placeDep ROOT tinyexec@0.3.2 OK for: @vercel/fun@1.3.0 want: 0.3.2
995 silly placeDep ROOT tree-kill@1.2.2 OK for: @vercel/fun@1.3.0 want: 1.2.2
996 silly placeDep ROOT uid-promise@1.0.0 OK for: @vercel/fun@1.3.0 want: 1.0.0
997 silly placeDep node_modules/@vercel/fun xdg-app-paths@5.1.0 OK for: @vercel/fun@1.3.0 want: 5.1.0
998 silly placeDep ROOT yauzl-promise@2.1.3 OK for: @vercel/fun@1.3.0 want: 2.1.3
999 silly fetch manifest ms@2.1.2
1000 silly packumentCache full:https://registry.npmjs.org/ms cache-miss
1001 silly fetch manifest arg@4.1.0
1002 silly packumentCache full:https://registry.npmjs.org/arg cache-miss
1003 silly fetch manifest raw-body@2.4.1
1004 silly packumentCache full:https://registry.npmjs.org/raw-body cache-miss
1005 silly fetch manifest content-type@1.0.4
1006 silly packumentCache full:https://registry.npmjs.org/content-type cache-miss
1007 silly fetch manifest whatwg-url@^5.0.0
1008 silly packumentCache full:https://registry.npmjs.org/whatwg-url cache-miss
1009 silly fetch manifest lru-cache@^6.0.0
1010 silly packumentCache full:https://registry.npmjs.org/lru-cache cache-miss
1011 silly fetch manifest any-promise@~1.3.0
1012 silly packumentCache full:https://registry.npmjs.org/any-promise cache-miss
1013 http cache https://registry.npmjs.org/ms 51ms (cache hit)
1014 silly packumentCache full:https://registry.npmjs.org/ms set size:92208 disposed:false
1015 silly fetch manifest end-of-stream@~1.1.0
1016 silly packumentCache full:https://registry.npmjs.org/end-of-stream cache-miss
1017 http fetch GET 200 https://registry.npmjs.org/any-promise 63ms (cache miss)
1018 silly packumentCache full:https://registry.npmjs.org/any-promise set size:undefined disposed:false
1019 silly fetch manifest stream-to-array@~2.3.0
1020 silly packumentCache full:https://registry.npmjs.org/stream-to-array cache-miss
1021 http fetch GET 200 https://registry.npmjs.org/raw-body 69ms (cache miss)
1022 silly packumentCache full:https://registry.npmjs.org/raw-body set size:undefined disposed:false
1023 silly fetch manifest chownr@^3.0.0
1024 silly packumentCache full:https://registry.npmjs.org/chownr cache-miss
1025 http fetch GET 200 https://registry.npmjs.org/arg 75ms (cache miss)
1026 silly packumentCache full:https://registry.npmjs.org/arg set size:undefined disposed:false
1027 silly fetch manifest yallist@^5.0.0
1028 silly packumentCache full:https://registry.npmjs.org/yallist cache-miss
1029 http fetch GET 200 https://registry.npmjs.org/whatwg-url 88ms (cache miss)
1030 silly packumentCache full:https://registry.npmjs.org/whatwg-url set size:undefined disposed:false
1031 silly fetch manifest minipass@^7.1.2
1032 silly packumentCache full:https://registry.npmjs.org/minipass cache-miss
1033 http fetch GET 200 https://registry.npmjs.org/content-type 96ms (cache miss)
1034 silly packumentCache full:https://registry.npmjs.org/content-type set size:undefined disposed:false
1035 silly fetch manifest minizlib@^3.1.0
1036 silly packumentCache full:https://registry.npmjs.org/minizlib cache-miss
1037 http fetch GET 200 https://registry.npmjs.org/end-of-stream 51ms (cache miss)
1038 silly packumentCache full:https://registry.npmjs.org/end-of-stream set size:undefined disposed:false
1039 silly fetch manifest @isaacs/fs-minipass@^4.0.0
1040 silly packumentCache full:https://registry.npmjs.org/@isaacs%2ffs-minipass cache-miss
1041 http fetch GET 200 https://registry.npmjs.org/lru-cache 108ms (cache miss)
1042 silly packumentCache full:https://registry.npmjs.org/lru-cache set size:undefined disposed:false
1043 silly fetch manifest xdg-portable@^7.0.0
1044 silly packumentCache full:https://registry.npmjs.org/xdg-portable cache-miss
1045 http fetch GET 200 https://registry.npmjs.org/stream-to-array 60ms (cache miss)
1046 silly packumentCache full:https://registry.npmjs.org/stream-to-array set size:undefined disposed:false
1047 silly fetch manifest yauzl@^2.9.1
1048 silly packumentCache full:https://registry.npmjs.org/yauzl cache-miss
1049 http fetch GET 200 https://registry.npmjs.org/chownr 56ms (cache miss)
1050 silly packumentCache full:https://registry.npmjs.org/chownr set size:undefined disposed:false
1051 silly fetch manifest yauzl-clone@^1.0.4
1052 silly packumentCache full:https://registry.npmjs.org/yauzl-clone cache-miss
1053 http fetch GET 200 https://registry.npmjs.org/yallist 55ms (cache miss)
1054 silly packumentCache full:https://registry.npmjs.org/yallist set size:undefined disposed:false
1055 http cache https://registry.npmjs.org/xdg-portable 18ms (cache hit)
1056 silly packumentCache full:https://registry.npmjs.org/xdg-portable set size:329210 disposed:false
1057 http fetch GET 200 https://registry.npmjs.org/minizlib 50ms (cache miss)
1058 silly packumentCache full:https://registry.npmjs.org/minizlib set size:undefined disposed:false
1059 http fetch GET 200 https://registry.npmjs.org/minipass 58ms (cache miss)
1060 silly packumentCache full:https://registry.npmjs.org/minipass set size:undefined disposed:false
1061 http fetch GET 200 https://registry.npmjs.org/@isaacs%2ffs-minipass 55ms (cache miss)
1062 silly packumentCache full:https://registry.npmjs.org/@isaacs%2ffs-minipass set size:undefined disposed:false
1063 http fetch GET 200 https://registry.npmjs.org/yauzl-clone 46ms (cache miss)
1064 silly packumentCache full:https://registry.npmjs.org/yauzl-clone set size:undefined disposed:false
1065 http fetch GET 200 https://registry.npmjs.org/yauzl 58ms (cache miss)
1066 silly packumentCache full:https://registry.npmjs.org/yauzl set size:undefined disposed:false
1067 silly placeDep node_modules/@vercel/hono zod@3.22.4 OK for: @vercel/hono@0.2.110 want: 3.22.4
1068 silly fetch manifest rollup@^1.20.0||^2.0.0||^3.0.0||^4.0.0
1069 silly packumentCache full:https://registry.npmjs.org/rollup cache-miss
1070 http fetch GET 200 https://registry.npmjs.org/rollup 165ms (cache miss)
1071 silly packumentCache full:https://registry.npmjs.org/rollup set size:undefined disposed:false
1072 silly placeDep ROOT @mapbox/node-pre-gyp@2.0.3 OK for: @vercel/nft@1.10.0 want: ^2.0.0
1073 silly placeDep ROOT @rollup/pluginutils@5.4.0 OK for: @vercel/nft@1.10.0 want: ^5.1.3
1074 silly placeDep ROOT acorn@8.18.0 OK for: @vercel/nft@1.10.0 want: ^8.6.0
1075 silly placeDep ROOT acorn-import-attributes@1.9.5 OK for: @vercel/nft@1.10.0 want: ^1.9.5
1076 silly placeDep ROOT async-sema@3.1.1 OK for: @vercel/nft@1.10.0 want: ^3.1.1
1077 silly placeDep ROOT bindings@1.5.0 OK for: @vercel/nft@1.10.0 want: ^1.4.0
1078 silly placeDep ROOT estree-walker@2.0.2 OK for: @vercel/nft@1.10.0 want: 2.0.2
1079 silly placeDep ROOT glob@13.0.6 OK for: @vercel/nft@1.10.0 want: ^13.0.0
1080 silly placeDep ROOT graceful-fs@4.2.11 OK for: @vercel/nft@1.10.0 want: ^4.2.9
1081 silly placeDep ROOT node-gyp-build@4.8.4 OK for: @vercel/nft@1.10.0 want: ^4.2.2
1082 silly placeDep ROOT picomatch@4.0.5 OK for: @vercel/nft@1.10.0 want: ^4.0.2
1083 silly placeDep ROOT resolve-from@5.0.0 OK for: @vercel/nft@1.10.0 want: ^5.0.0
1084 silly fetch manifest nopt@^8.0.0
1085 silly packumentCache full:https://registry.npmjs.org/nopt cache-miss
1086 silly fetch manifest consola@^3.2.3
1087 silly packumentCache full:https://registry.npmjs.org/consola cache-miss
1088 silly fetch manifest detect-libc@^2.0.0
1089 silly packumentCache full:https://registry.npmjs.org/detect-libc cache-miss
1090 silly fetch manifest https-proxy-agent@^7.0.5
1091 silly packumentCache full:https://registry.npmjs.org/https-proxy-agent cache-miss
1092 silly fetch manifest @types/estree@^1.0.0
1093 silly packumentCache full:https://registry.npmjs.org/@types%2festree cache-miss
1094 silly fetch manifest estree-walker@^2.0.2
1095 silly packumentCache full:https://registry.npmjs.org/estree-walker cache-miss
1096 silly fetch manifest file-uri-to-path@1.0.0
1097 silly packumentCache full:https://registry.npmjs.org/file-uri-to-path cache-miss
1098 http cache https://registry.npmjs.org/estree-walker 25ms (cache hit)
1099 silly packumentCache full:https://registry.npmjs.org/estree-walker set size:60887 disposed:false
1100 silly fetch manifest minimatch@^10.2.2
1101 silly packumentCache full:https://registry.npmjs.org/minimatch cache-miss
1102 http cache https://registry.npmjs.org/minimatch 41ms (cache hit)
1103 silly packumentCache full:https://registry.npmjs.org/minimatch set size:377924 disposed:false
1104 silly fetch manifest minipass@^7.1.3
1105 silly packumentCache full:https://registry.npmjs.org/minipass cache-miss
1106 http fetch GET 200 https://registry.npmjs.org/file-uri-to-path 78ms (cache miss)
1107 silly packumentCache full:https://registry.npmjs.org/file-uri-to-path set size:undefined disposed:false
1108 silly fetch manifest path-scurry@^2.0.2
1109 silly packumentCache full:https://registry.npmjs.org/path-scurry cache-miss
1110 http fetch GET 200 https://registry.npmjs.org/detect-libc 81ms (cache miss)
1111 silly packumentCache full:https://registry.npmjs.org/detect-libc set size:undefined disposed:false
1112 http fetch GET 200 https://registry.npmjs.org/@types%2festree 83ms (cache miss)
1113 silly packumentCache full:https://registry.npmjs.org/@types%2festree set size:undefined disposed:false
1114 http fetch GET 200 https://registry.npmjs.org/https-proxy-agent 85ms (cache miss)
1115 silly packumentCache full:https://registry.npmjs.org/https-proxy-agent set size:undefined disposed:false
1116 http cache https://registry.npmjs.org/minipass 18ms (cache hit)
1117 silly packumentCache full:https://registry.npmjs.org/minipass set size:276925 disposed:false
1118 http fetch GET 200 https://registry.npmjs.org/consola 97ms (cache miss)
1119 silly packumentCache full:https://registry.npmjs.org/consola set size:undefined disposed:false
1120 http fetch GET 200 https://registry.npmjs.org/path-scurry 47ms (cache miss)
1121 silly packumentCache full:https://registry.npmjs.org/path-scurry set size:undefined disposed:false
1122 http fetch GET 200 https://registry.npmjs.org/nopt 330ms (cache miss)
1123 silly packumentCache full:https://registry.npmjs.org/nopt set size:undefined disposed:false
1124 silly placeDep ROOT consola@3.4.2 OK for: @mapbox/node-pre-gyp@2.0.3 want: ^3.2.3
1125 silly placeDep ROOT detect-libc@2.1.2 OK for: @mapbox/node-pre-gyp@2.0.3 want: ^2.0.0
1126 silly placeDep ROOT https-proxy-agent@7.0.6 OK for: @mapbox/node-pre-gyp@2.0.3 want: ^7.0.5
1127 silly placeDep ROOT nopt@8.1.0 OK for: @mapbox/node-pre-gyp@2.0.3 want: ^8.0.0
1128 silly fetch manifest agent-base@^7.1.2
1129 silly packumentCache full:https://registry.npmjs.org/agent-base cache-miss
1130 silly fetch manifest abbrev@^3.0.0
1131 silly packumentCache full:https://registry.npmjs.org/abbrev cache-miss
1132 http fetch GET 200 https://registry.npmjs.org/agent-base 48ms (cache miss)
1133 silly packumentCache full:https://registry.npmjs.org/agent-base set size:undefined disposed:false
1134 http fetch GET 200 https://registry.npmjs.org/abbrev 51ms (cache miss)
1135 silly packumentCache full:https://registry.npmjs.org/abbrev set size:undefined disposed:false
1136 silly placeDep ROOT @types/estree@1.0.9 OK for: @rollup/pluginutils@5.4.0 want: ^1.0.0
1137 silly placeDep ROOT @edge-runtime/node-utils@2.3.0 OK for: @vercel/node@5.9.3 want: 2.3.0
1138 silly placeDep ROOT @edge-runtime/primitives@4.1.0 OK for: @vercel/node@5.9.3 want: 4.1.0
1139 silly placeDep ROOT @edge-runtime/vm@3.2.0 OK for: @vercel/node@5.9.3 want: 3.2.0
1140 silly placeDep ROOT @types/node@20.11.0 OK for: @vercel/node@5.9.3 want: 20.11.0
1141 silly placeDep ROOT @vercel/error-utils@2.2.0 OK for: @vercel/node@5.9.3 want: 2.2.0
1142 silly placeDep ROOT edge-runtime@2.5.9 OK for: @vercel/node@5.9.3 want: 2.5.9
1143 silly placeDep node_modules/@vercel/node es-module-lexer@1.4.1 OK for: @vercel/node@5.9.3 want: 1.4.1
1144 silly placeDep ROOT etag@1.8.1 OK for: @vercel/node@5.9.3 want: 1.8.1
1145 silly placeDep ROOT mime-types@2.1.35 OK for: @vercel/node@5.9.3 want: 2.1.35
1146 silly placeDep node_modules/@vercel/node node-fetch@2.6.9 OK for: @vercel/node@5.9.3 want: 2.6.9
1147 silly placeDep node_modules/@vercel/node path-to-regexp@6.1.0 OK for: @vercel/node@5.9.3 want: 6.1.0
1148 silly placeDep ROOT path-to-regexp-updated@6.3.0 OK for: @vercel/node@5.9.3 want: npm:path-to-regexp@6.3.0
1149 silly placeDep ROOT typescript@5.9.3 OK for: @vercel/node@5.9.3 want: npm:typescript@5.9.3
1150 silly placeDep node_modules/@vercel/node undici@5.28.4 OK for: @vercel/node@5.9.3 want: 5.28.4
1151 silly fetch manifest undici-types@~5.26.4
1152 silly packumentCache full:https://registry.npmjs.org/undici-types cache-miss
1153 silly fetch manifest mri@1.2.0
1154 silly packumentCache full:https://registry.npmjs.org/mri cache-miss
1155 silly fetch manifest pretty-ms@7.0.1
1156 silly packumentCache full:https://registry.npmjs.org/pretty-ms cache-miss
1157 silly fetch manifest time-span@4.0.0
1158 silly packumentCache full:https://registry.npmjs.org/time-span cache-miss
1159 silly fetch manifest picocolors@1.0.0
1160 silly packumentCache full:https://registry.npmjs.org/picocolors cache-miss
1161 silly fetch manifest signal-exit@4.0.2
1162 silly packumentCache full:https://registry.npmjs.org/signal-exit cache-miss
1163 silly fetch manifest async-listen@3.0.1
1164 silly packumentCache full:https://registry.npmjs.org/async-listen cache-hit
1165 silly fetch manifest @edge-runtime/format@2.2.1
1166 silly packumentCache full:https://registry.npmjs.org/@edge-runtime%2fformat cache-miss
1167 http cache https://registry.npmjs.org/signal-exit 12ms (cache hit)
1168 silly packumentCache full:https://registry.npmjs.org/signal-exit set size:53489 disposed:false
1169 silly fetch manifest @edge-runtime/ponyfill@2.4.2
1170 silly packumentCache full:https://registry.npmjs.org/@edge-runtime%2fponyfill cache-miss
1171 http fetch GET 200 https://registry.npmjs.org/mri 71ms (cache miss)
1172 silly packumentCache full:https://registry.npmjs.org/mri set size:undefined disposed:false
1173 silly fetch manifest mime-db@1.52.0
1174 silly packumentCache full:https://registry.npmjs.org/mime-db cache-miss
1175 http fetch GET 200 https://registry.npmjs.org/picocolors 75ms (cache miss)
1176 silly packumentCache full:https://registry.npmjs.org/picocolors set size:undefined disposed:false
1177 http fetch GET 200 https://registry.npmjs.org/pretty-ms 80ms (cache miss)
1178 silly packumentCache full:https://registry.npmjs.org/pretty-ms set size:undefined disposed:false
1179 http fetch GET 200 https://registry.npmjs.org/undici-types 84ms (cache miss)
1180 silly packumentCache full:https://registry.npmjs.org/undici-types set size:undefined disposed:false
1181 http fetch GET 200 https://registry.npmjs.org/mime-db 65ms (cache miss)
1182 silly packumentCache full:https://registry.npmjs.org/mime-db set size:undefined disposed:false
1183 http fetch GET 200 https://registry.npmjs.org/@edge-runtime%2fformat 273ms (cache miss)
1184 silly packumentCache full:https://registry.npmjs.org/@edge-runtime%2fformat set size:undefined disposed:false
1185 http fetch GET 200 https://registry.npmjs.org/time-span 292ms (cache miss)
1186 silly packumentCache full:https://registry.npmjs.org/time-span set size:undefined disposed:false
1187 http fetch GET 200 https://registry.npmjs.org/@edge-runtime%2fponyfill 719ms (cache miss)
1188 silly packumentCache full:https://registry.npmjs.org/@edge-runtime%2fponyfill set size:undefined disposed:false
1189 silly placeDep ROOT undici-types@5.26.5 OK for: @types/node@20.11.0 want: ~5.26.4
1190 silly placeDep ROOT @bytecodealliance/preview2-shim@0.17.6 OK for: @vercel/python-analysis@0.12.0 want: 0.17.6
1191 silly placeDep ROOT @renovatebot/pep440@4.2.1 OK for: @vercel/python-analysis@0.12.0 want: 4.2.1
1192 silly placeDep node_modules/@vercel/python-analysis fs-extra@11.1.1 OK for: @vercel/python-analysis@0.12.0 want: 11.1.1
1193 silly placeDep ROOT js-yaml@4.1.1 OK for: @vercel/python-analysis@0.12.0 want: 4.1.1
1194 silly placeDep ROOT minimatch@10.1.1 OK for: @vercel/python-analysis@0.12.0 want: 10.1.1
1195 silly placeDep node_modules/@vercel/python-analysis zod@3.22.4 OK for: @vercel/python-analysis@0.12.0 want: 3.22.4
1196 silly fetch manifest argparse@^2.0.1
1197 silly packumentCache full:https://registry.npmjs.org/argparse cache-miss
1198 silly fetch manifest @isaacs/brace-expansion@^5.0.0
1199 silly packumentCache full:https://registry.npmjs.org/@isaacs%2fbrace-expansion cache-miss
1200 http fetch GET 200 https://registry.npmjs.org/argparse 64ms (cache miss)
1201 silly packumentCache full:https://registry.npmjs.org/argparse set size:undefined disposed:false
1202 http fetch GET 200 https://registry.npmjs.org/@isaacs%2fbrace-expansion 72ms (cache miss)
1203 silly packumentCache full:https://registry.npmjs.org/@isaacs%2fbrace-expansion set size:undefined disposed:false
1204 silly placeDep node_modules/@vercel/redwood semver@6.3.1 OK for: @vercel/redwood@2.5.0 want: 6.3.1
1205 silly placeDep node_modules/@vercel/remix-builder path-to-regexp@6.1.0 OK for: @vercel/remix-builder@5.9.1 want: 6.1.0
1206 silly placeDep node_modules/@vercel/rust execa@5.1.1 OK for: @vercel/rust@1.4.0 want: 5
1207 silly fetch manifest onetime@^5.1.2
1208 silly packumentCache full:https://registry.npmjs.org/onetime cache-miss
1209 silly fetch manifest get-stream@^6.0.0
1210 silly packumentCache full:https://registry.npmjs.org/get-stream cache-miss
1211 silly fetch manifest cross-spawn@^7.0.3
1212 silly packumentCache full:https://registry.npmjs.org/cross-spawn cache-miss
1213 silly fetch manifest signal-exit@^3.0.3
1214 silly packumentCache full:https://registry.npmjs.org/signal-exit cache-hit
1215 silly fetch manifest npm-run-path@^4.0.1
1216 silly packumentCache full:https://registry.npmjs.org/npm-run-path cache-miss
1217 silly fetch manifest human-signals@^2.1.0
1218 silly packumentCache full:https://registry.npmjs.org/human-signals cache-miss
1219 http cache https://registry.npmjs.org/get-stream 22ms (cache hit)
1220 silly packumentCache full:https://registry.npmjs.org/get-stream set size:57536 disposed:false
1221 http cache https://registry.npmjs.org/onetime 29ms (cache hit)
1222 silly packumentCache full:https://registry.npmjs.org/onetime set size:32314 disposed:false
1223 http cache https://registry.npmjs.org/npm-run-path 29ms (cache hit)
1224 silly packumentCache full:https://registry.npmjs.org/npm-run-path set size:33596 disposed:false
1225 http cache https://registry.npmjs.org/cross-spawn 32ms (cache hit)
1226 silly packumentCache full:https://registry.npmjs.org/cross-spawn set size:109066 disposed:false
1227 http cache https://registry.npmjs.org/human-signals 35ms (cache hit)
1228 silly packumentCache full:https://registry.npmjs.org/human-signals set size:47322 disposed:false
1229 silly placeDep ROOT @vercel/gatsby-plugin-vercel-analytics@1.0.11 OK for: @vercel/static-build@2.11.13 want: 1.0.11
1230 silly placeDep ROOT @vercel/gatsby-plugin-vercel-builder@2.2.33 OK for: @vercel/static-build@2.11.13 want: 2.2.33
1231 silly fetch manifest web-vitals@0.2.4
1232 silly packumentCache full:https://registry.npmjs.org/web-vitals cache-miss
1233 silly fetch manifest @sinclair/typebox@0.25.24
1234 silly packumentCache full:https://registry.npmjs.org/@sinclair%2ftypebox cache-miss
1235 http fetch GET 200 https://registry.npmjs.org/web-vitals 79ms (cache miss)
1236 silly packumentCache full:https://registry.npmjs.org/web-vitals set size:undefined disposed:false
1237 http fetch GET 200 https://registry.npmjs.org/@sinclair%2ftypebox 121ms (cache miss)
1238 silly packumentCache full:https://registry.npmjs.org/@sinclair%2ftypebox set size:undefined disposed:false
1239 silly placeDep ROOT web-vitals@0.2.4 OK for: @vercel/gatsby-plugin-vercel-analytics@1.0.11 want: 0.2.4
1240 silly placeDep ROOT @sinclair/typebox@0.25.24 OK for: @vercel/gatsby-plugin-vercel-builder@2.2.33 want: 0.25.24
1241 silly placeDep ROOT ajv@8.6.3 OK for: @vercel/static-config@3.4.0 want: 8.6.3
1242 silly placeDep ROOT json-schema-to-ts@1.6.4 OK for: @vercel/static-config@3.4.0 want: 1.6.4
1243 silly fetch manifest uri-js@^4.2.2
1244 silly packumentCache full:https://registry.npmjs.org/uri-js cache-miss
1245 silly fetch manifest fast-deep-equal@^3.1.1
1246 silly packumentCache full:https://registry.npmjs.org/fast-deep-equal cache-miss
1247 silly fetch manifest require-from-string@^2.0.2
1248 silly packumentCache full:https://registry.npmjs.org/require-from-string cache-miss
1249 silly fetch manifest json-schema-traverse@^1.0.0
1250 silly packumentCache full:https://registry.npmjs.org/json-schema-traverse cache-miss
1251 silly fetch manifest ts-toolbelt@^6.15.5
1252 silly packumentCache full:https://registry.npmjs.org/ts-toolbelt cache-miss
1253 silly fetch manifest @types/json-schema@^7.0.6
1254 silly packumentCache full:https://registry.npmjs.org/@types%2fjson-schema cache-miss
1255 http fetch GET 200 https://registry.npmjs.org/require-from-string 73ms (cache miss)
1256 silly packumentCache full:https://registry.npmjs.org/require-from-string set size:undefined disposed:false
1257 http fetch GET 200 https://registry.npmjs.org/json-schema-traverse 76ms (cache miss)
1258 silly packumentCache full:https://registry.npmjs.org/json-schema-traverse set size:undefined disposed:false
1259 http fetch GET 200 https://registry.npmjs.org/uri-js 78ms (cache miss)
1260 silly packumentCache full:https://registry.npmjs.org/uri-js set size:undefined disposed:false
1261 http fetch GET 200 https://registry.npmjs.org/@types%2fjson-schema 78ms (cache miss)
1262 silly packumentCache full:https://registry.npmjs.org/@types%2fjson-schema set size:undefined disposed:false
1263 http fetch GET 200 https://registry.npmjs.org/fast-deep-equal 82ms (cache miss)
1264 silly packumentCache full:https://registry.npmjs.org/fast-deep-equal set size:undefined disposed:false
1265 http fetch GET 200 https://registry.npmjs.org/ts-toolbelt 421ms (cache miss)
1266 silly packumentCache full:https://registry.npmjs.org/ts-toolbelt set size:undefined disposed:false
1267 silly placeDep ROOT fast-deep-equal@3.1.3 OK for: ajv@8.6.3 want: ^3.1.1
1268 silly placeDep ROOT json-schema-traverse@1.0.0 OK for: ajv@8.6.3 want: ^1.0.0
1269 silly placeDep ROOT require-from-string@2.0.2 OK for: ajv@8.6.3 want: ^2.0.2
1270 silly placeDep ROOT uri-js@4.4.1 OK for: ajv@8.6.3 want: ^4.2.2
1271 silly fetch manifest punycode@^2.1.0
1272 silly packumentCache full:https://registry.npmjs.org/punycode cache-miss
1273 http fetch GET 200 https://registry.npmjs.org/punycode 62ms (cache miss)
1274 silly packumentCache full:https://registry.npmjs.org/punycode set size:undefined disposed:false
1275 silly placeDep ROOT retry@0.13.1 OK for: async-retry@1.3.3 want: 0.13.1
1276 silly placeDep ROOT file-uri-to-path@1.0.0 OK for: bindings@1.5.0 want: 1.0.0
1277 silly placeDep ROOT readdirp@4.1.2 OK for: chokidar@4.0.0 want: ^4.0.1
1278 silly placeDep node_modules/debug ms@2.1.2 OK for: debug@4.3.4 want: 2.1.2
1279 silly placeDep ROOT @edge-runtime/format@2.2.1 OK for: edge-runtime@2.5.9 want: 2.2.1
1280 silly placeDep ROOT @edge-runtime/ponyfill@2.4.2 OK for: edge-runtime@2.5.9 want: 2.4.2
1281 silly placeDep node_modules/edge-runtime async-listen@3.0.1 OK for: edge-runtime@2.5.9 want: 3.0.1
1282 silly placeDep ROOT mri@1.2.0 OK for: edge-runtime@2.5.9 want: 1.2.0
1283 silly placeDep ROOT picocolors@1.0.0 OK for: edge-runtime@2.5.9 want: 1.0.0
1284 silly placeDep ROOT pretty-ms@7.0.1 OK for: edge-runtime@2.5.9 want: 7.0.1
1285 silly placeDep ROOT signal-exit@4.0.2 OK for: edge-runtime@2.5.9 want: 4.0.2
1286 silly placeDep ROOT time-span@4.0.0 OK for: edge-runtime@2.5.9 want: 4.0.0
1287 silly fetch manifest parse-ms@^2.1.0
1288 silly packumentCache full:https://registry.npmjs.org/parse-ms cache-miss
1289 silly fetch manifest convert-hrtime@^3.0.0
1290 silly packumentCache full:https://registry.npmjs.org/convert-hrtime cache-miss
1291 http fetch GET 200 https://registry.npmjs.org/parse-ms 52ms (cache miss)
1292 silly packumentCache full:https://registry.npmjs.org/parse-ms set size:undefined disposed:false
1293 http fetch GET 200 https://registry.npmjs.org/convert-hrtime 261ms (cache miss)
1294 silly packumentCache full:https://registry.npmjs.org/convert-hrtime set size:undefined disposed:false
1295 silly placeDep ROOT @esbuild/aix-ppc64@0.27.0 OK for: esbuild@0.27.0 want: 0.27.0
1296 silly placeDep ROOT @esbuild/android-arm@0.27.0 OK for: esbuild@0.27.0 want: 0.27.0
1297 silly placeDep ROOT @esbuild/android-arm64@0.27.0 OK for: esbuild@0.27.0 want: 0.27.0
1298 silly placeDep ROOT @esbuild/android-x64@0.27.0 OK for: esbuild@0.27.0 want: 0.27.0
1299 silly placeDep ROOT @esbuild/darwin-arm64@0.27.0 OK for: esbuild@0.27.0 want: 0.27.0
1300 silly placeDep ROOT @esbuild/darwin-x64@0.27.0 OK for: esbuild@0.27.0 want: 0.27.0
1301 silly placeDep ROOT @esbuild/freebsd-arm64@0.27.0 OK for: esbuild@0.27.0 want: 0.27.0
1302 silly placeDep ROOT @esbuild/freebsd-x64@0.27.0 OK for: esbuild@0.27.0 want: 0.27.0
1303 silly placeDep ROOT @esbuild/linux-arm@0.27.0 OK for: esbuild@0.27.0 want: 0.27.0
1304 silly placeDep ROOT @esbuild/linux-arm64@0.27.0 OK for: esbuild@0.27.0 want: 0.27.0
1305 silly placeDep ROOT @esbuild/linux-ia32@0.27.0 OK for: esbuild@0.27.0 want: 0.27.0
1306 silly placeDep ROOT @esbuild/linux-loong64@0.27.0 OK for: esbuild@0.27.0 want: 0.27.0
1307 silly placeDep ROOT @esbuild/linux-mips64el@0.27.0 OK for: esbuild@0.27.0 want: 0.27.0
1308 silly placeDep ROOT @esbuild/linux-ppc64@0.27.0 OK for: esbuild@0.27.0 want: 0.27.0
1309 silly placeDep ROOT @esbuild/linux-riscv64@0.27.0 OK for: esbuild@0.27.0 want: 0.27.0
1310 silly placeDep ROOT @esbuild/linux-s390x@0.27.0 OK for: esbuild@0.27.0 want: 0.27.0
1311 silly placeDep ROOT @esbuild/linux-x64@0.27.0 OK for: esbuild@0.27.0 want: 0.27.0
1312 silly placeDep ROOT @esbuild/netbsd-arm64@0.27.0 OK for: esbuild@0.27.0 want: 0.27.0
1313 silly placeDep ROOT @esbuild/netbsd-x64@0.27.0 OK for: esbuild@0.27.0 want: 0.27.0
1314 silly placeDep ROOT @esbuild/openbsd-arm64@0.27.0 OK for: esbuild@0.27.0 want: 0.27.0
1315 silly placeDep ROOT @esbuild/openbsd-x64@0.27.0 OK for: esbuild@0.27.0 want: 0.27.0
1316 silly placeDep ROOT @esbuild/openharmony-arm64@0.27.0 OK for: esbuild@0.27.0 want: 0.27.0
1317 silly placeDep ROOT @esbuild/sunos-x64@0.27.0 OK for: esbuild@0.27.0 want: 0.27.0
1318 silly placeDep ROOT @esbuild/win32-arm64@0.27.0 OK for: esbuild@0.27.0 want: 0.27.0
1319 silly placeDep ROOT @esbuild/win32-ia32@0.27.0 OK for: esbuild@0.27.0 want: 0.27.0
1320 silly placeDep ROOT @esbuild/win32-x64@0.27.0 OK for: esbuild@0.27.0 want: 0.27.0
1321 silly placeDep ROOT cross-spawn@7.0.6 OK for: execa@3.2.0 want: ^7.0.0
1322 silly placeDep ROOT get-stream@5.2.0 OK for: execa@3.2.0 want: ^5.0.0
1323 silly placeDep ROOT human-signals@1.1.1 OK for: execa@3.2.0 want: ^1.1.1
1324 silly placeDep ROOT is-stream@2.0.1 OK for: execa@3.2.0 want: ^2.0.0
1325 silly placeDep ROOT merge-stream@2.0.0 OK for: execa@3.2.0 want: ^2.0.0
1326 silly placeDep ROOT npm-run-path@4.0.1 OK for: execa@3.2.0 want: ^4.0.0
1327 silly placeDep ROOT onetime@5.1.2 OK for: execa@3.2.0 want: ^5.1.0
1328 silly placeDep ROOT p-finally@2.0.1 OK for: execa@3.2.0 want: ^2.0.0
1329 silly placeDep node_modules/execa signal-exit@3.0.7 OK for: execa@3.2.0 want: ^3.0.2
1330 silly placeDep ROOT strip-final-newline@2.0.0 OK for: execa@3.2.0 want: ^2.0.0
1331 silly fetch manifest which@^2.0.1
1332 silly packumentCache full:https://registry.npmjs.org/which cache-miss
1333 silly fetch manifest path-key@^3.1.0
1334 silly packumentCache full:https://registry.npmjs.org/path-key cache-miss
1335 silly fetch manifest shebang-command@^2.0.0
1336 silly packumentCache full:https://registry.npmjs.org/shebang-command cache-miss
1337 silly fetch manifest pump@^3.0.0
1338 silly packumentCache full:https://registry.npmjs.org/pump cache-miss
1339 silly fetch manifest path-key@^3.0.0
1340 silly packumentCache full:https://registry.npmjs.org/path-key cache-miss
1341 silly fetch manifest mimic-fn@^2.1.0
1342 silly packumentCache full:https://registry.npmjs.org/mimic-fn cache-miss
1343 http fetch GET 200 https://registry.npmjs.org/shebang-command 56ms (cache miss)
1344 silly packumentCache full:https://registry.npmjs.org/shebang-command set size:undefined disposed:false
1345 http fetch GET 200 https://registry.npmjs.org/pump 58ms (cache miss)
1346 silly packumentCache full:https://registry.npmjs.org/pump set size:undefined disposed:false
1347 http fetch GET 200 https://registry.npmjs.org/which 62ms (cache miss)
1348 silly packumentCache full:https://registry.npmjs.org/which set size:undefined disposed:false
1349 http fetch GET 200 https://registry.npmjs.org/path-key 63ms (cache miss)
1350 silly packumentCache full:https://registry.npmjs.org/path-key set size:undefined disposed:false
1351 http fetch GET 200 https://registry.npmjs.org/mimic-fn 64ms (cache miss)
1352 silly packumentCache full:https://registry.npmjs.org/mimic-fn set size:undefined disposed:false
1353 http fetch GET 200 https://registry.npmjs.org/path-key 67ms (cache miss)
1354 silly packumentCache full:https://registry.npmjs.org/path-key set size:undefined disposed:false
1355 silly placeDep ROOT path-key@3.1.1 OK for: cross-spawn@7.0.6 want: ^3.1.0
1356 silly placeDep ROOT shebang-command@2.0.0 OK for: cross-spawn@7.0.6 want: ^2.0.0
1357 silly placeDep ROOT which@2.0.2 OK for: cross-spawn@7.0.6 want: ^2.0.1
1358 silly fetch manifest shebang-regex@^3.0.0
1359 silly packumentCache full:https://registry.npmjs.org/shebang-regex cache-miss
1360 silly fetch manifest isexe@^2.0.0
1361 silly packumentCache full:https://registry.npmjs.org/isexe cache-miss
1362 http fetch GET 200 https://registry.npmjs.org/isexe 49ms (cache miss)
1363 silly packumentCache full:https://registry.npmjs.org/isexe set size:undefined disposed:false
1364 http fetch GET 200 https://registry.npmjs.org/shebang-regex 51ms (cache miss)
1365 silly packumentCache full:https://registry.npmjs.org/shebang-regex set size:undefined disposed:false
1366 silly placeDep ROOT jsonfile@6.2.1 OK for: fs-extra@11.1.0 want: ^6.0.1
1367 silly placeDep ROOT universalify@2.0.1 OK for: fs-extra@11.1.0 want: ^2.0.0
1368 silly placeDep ROOT pump@3.0.4 OK for: get-stream@5.2.0 want: ^3.0.0
1369 silly fetch manifest end-of-stream@^1.1.0
1370 silly packumentCache full:https://registry.npmjs.org/end-of-stream cache-miss
1371 silly fetch manifest once@^1.3.1
1372 silly packumentCache full:https://registry.npmjs.org/once cache-miss
1373 http cache https://registry.npmjs.org/end-of-stream 9ms (cache hit)
1374 silly packumentCache full:https://registry.npmjs.org/end-of-stream set size:27842 disposed:false
1375 http fetch GET 200 https://registry.npmjs.org/once 38ms (cache miss)
1376 silly packumentCache full:https://registry.npmjs.org/once set size:undefined disposed:false
1377 silly placeDep node_modules/glob minimatch@10.2.6 OK for: glob@13.0.6 want: ^10.2.2
1378 silly placeDep ROOT minipass@7.1.3 OK for: glob@13.0.6 want: ^7.1.3
1379 silly placeDep ROOT path-scurry@2.0.2 OK for: glob@13.0.6 want: ^2.0.2
1380 silly fetch manifest brace-expansion@^5.0.8
1381 silly packumentCache full:https://registry.npmjs.org/brace-expansion cache-miss
1382 silly fetch manifest lru-cache@^11.0.0
1383 silly packumentCache full:https://registry.npmjs.org/lru-cache cache-miss
1384 http cache https://registry.npmjs.org/lru-cache 10ms (cache hit)
1385 silly packumentCache full:https://registry.npmjs.org/lru-cache set size:460407 disposed:false
1386 http fetch GET 200 https://registry.npmjs.org/brace-expansion 54ms (cache miss)
1387 silly packumentCache full:https://registry.npmjs.org/brace-expansion set size:undefined disposed:false
1388 silly placeDep ROOT agent-base@7.1.4 OK for: https-proxy-agent@7.0.6 want: ^7.1.2
1389 silly placeDep ROOT argparse@2.0.1 OK for: js-yaml@4.1.1 want: ^2.0.1
1390 silly placeDep ROOT @types/json-schema@7.0.15 OK for: json-schema-to-ts@1.6.4 want: ^7.0.6
1391 silly placeDep ROOT ts-toolbelt@6.15.5 OK for: json-schema-to-ts@1.6.4 want: ^6.15.5
1392 silly placeDep ROOT arg@4.1.0 OK for: micro@9.3.5-canary.3 want: 4.1.0
1393 silly placeDep ROOT content-type@1.0.4 OK for: micro@9.3.5-canary.3 want: 1.0.4
1394 silly placeDep ROOT raw-body@2.4.1 OK for: micro@9.3.5-canary.3 want: 2.4.1
1395 silly fetch manifest bytes@3.1.0
1396 silly packumentCache full:https://registry.npmjs.org/bytes cache-miss
1397 silly fetch manifest unpipe@1.0.0
1398 silly packumentCache full:https://registry.npmjs.org/unpipe cache-miss
1399 silly fetch manifest iconv-lite@0.4.24
1400 silly packumentCache full:https://registry.npmjs.org/iconv-lite cache-miss
1401 silly fetch manifest http-errors@1.7.3
1402 silly packumentCache full:https://registry.npmjs.org/http-errors cache-miss
1403 http fetch GET 200 https://registry.npmjs.org/bytes 64ms (cache miss)
1404 silly packumentCache full:https://registry.npmjs.org/bytes set size:undefined disposed:false
1405 http fetch GET 200 https://registry.npmjs.org/unpipe 66ms (cache miss)
1406 silly packumentCache full:https://registry.npmjs.org/unpipe set size:undefined disposed:false
1407 http fetch GET 200 https://registry.npmjs.org/http-errors 68ms (cache miss)
1408 silly packumentCache full:https://registry.npmjs.org/http-errors set size:undefined disposed:false
1409 http fetch GET 200 https://registry.npmjs.org/iconv-lite 73ms (cache miss)
1410 silly packumentCache full:https://registry.npmjs.org/iconv-lite set size:undefined disposed:false
1411 silly placeDep ROOT mime-db@1.52.0 OK for: mime-types@2.1.35 want: 1.52.0
1412 silly placeDep ROOT @isaacs/brace-expansion@5.0.1 OK for: minimatch@10.1.1 want: ^5.0.0
1413 silly fetch manifest @isaacs/balanced-match@^4.0.1
1414 silly packumentCache full:https://registry.npmjs.org/@isaacs%2fbalanced-match cache-miss
1415 http fetch GET 200 https://registry.npmjs.org/@isaacs%2fbalanced-match 258ms (cache miss)
1416 silly packumentCache full:https://registry.npmjs.org/@isaacs%2fbalanced-match set size:undefined disposed:false
1417 silly placeDep ROOT @isaacs/balanced-match@4.0.1 OK for: @isaacs/brace-expansion@5.0.1 want: ^4.0.1
1418 silly placeDep ROOT whatwg-url@5.0.0 OK for: node-fetch@2.6.7 want: ^5.0.0
1419 silly fetch manifest tr46@~0.0.3
1420 silly packumentCache full:https://registry.npmjs.org/tr46 cache-miss
1421 silly fetch manifest webidl-conversions@^3.0.0
1422 silly packumentCache full:https://registry.npmjs.org/webidl-conversions cache-miss
1423 http fetch GET 200 https://registry.npmjs.org/tr46 58ms (cache miss)
1424 silly packumentCache full:https://registry.npmjs.org/tr46 set size:undefined disposed:false
1425 http fetch GET 200 https://registry.npmjs.org/webidl-conversions 60ms (cache miss)
1426 silly packumentCache full:https://registry.npmjs.org/webidl-conversions set size:undefined disposed:false
1427 silly placeDep ROOT abbrev@3.0.1 OK for: nopt@8.1.0 want: ^3.0.0
1428 silly placeDep ROOT mimic-fn@2.1.0 OK for: onetime@5.1.2 want: ^2.1.0
1429 silly placeDep ROOT define-lazy-prop@2.0.0 OK for: open@8.4.0 want: ^2.0.0
1430 silly placeDep ROOT is-docker@2.2.1 OK for: open@8.4.0 want: ^2.1.1
1431 silly placeDep ROOT is-wsl@2.2.0 OK for: open@8.4.0 want: ^2.2.0
1432 silly placeDep ROOT @oxc-transform/binding-android-arm-eabi@0.111.0 OK for: oxc-transform@0.111.0 want: 0.111.0
1433 silly placeDep ROOT @oxc-transform/binding-android-arm64@0.111.0 OK for: oxc-transform@0.111.0 want: 0.111.0
1434 silly placeDep ROOT @oxc-transform/binding-darwin-arm64@0.111.0 OK for: oxc-transform@0.111.0 want: 0.111.0
1435 silly placeDep ROOT @oxc-transform/binding-darwin-x64@0.111.0 OK for: oxc-transform@0.111.0 want: 0.111.0
1436 silly placeDep ROOT @oxc-transform/binding-freebsd-x64@0.111.0 OK for: oxc-transform@0.111.0 want: 0.111.0
1437 silly placeDep ROOT @oxc-transform/binding-linux-arm-gnueabihf@0.111.0 OK for: oxc-transform@0.111.0 want: 0.111.0
1438 silly placeDep ROOT @oxc-transform/binding-linux-arm-musleabihf@0.111.0 OK for: oxc-transform@0.111.0 want: 0.111.0
1439 silly placeDep ROOT @oxc-transform/binding-linux-arm64-gnu@0.111.0 OK for: oxc-transform@0.111.0 want: 0.111.0
1440 silly placeDep ROOT @oxc-transform/binding-linux-arm64-musl@0.111.0 OK for: oxc-transform@0.111.0 want: 0.111.0
1441 silly placeDep ROOT @oxc-transform/binding-linux-ppc64-gnu@0.111.0 OK for: oxc-transform@0.111.0 want: 0.111.0
1442 silly placeDep ROOT @oxc-transform/binding-linux-riscv64-gnu@0.111.0 OK for: oxc-transform@0.111.0 want: 0.111.0
1443 silly placeDep ROOT @oxc-transform/binding-linux-riscv64-musl@0.111.0 OK for: oxc-transform@0.111.0 want: 0.111.0
1444 silly placeDep ROOT @oxc-transform/binding-linux-s390x-gnu@0.111.0 OK for: oxc-transform@0.111.0 want: 0.111.0
1445 silly placeDep ROOT @oxc-transform/binding-linux-x64-gnu@0.111.0 OK for: oxc-transform@0.111.0 want: 0.111.0
1446 silly placeDep ROOT @oxc-transform/binding-linux-x64-musl@0.111.0 OK for: oxc-transform@0.111.0 want: 0.111.0
1447 silly placeDep ROOT @oxc-transform/binding-openharmony-arm64@0.111.0 OK for: oxc-transform@0.111.0 want: 0.111.0
1448 silly placeDep ROOT @oxc-transform/binding-wasm32-wasi@0.111.0 OK for: oxc-transform@0.111.0 want: 0.111.0
1449 silly placeDep ROOT @oxc-transform/binding-win32-arm64-msvc@0.111.0 OK for: oxc-transform@0.111.0 want: 0.111.0
1450 silly placeDep ROOT @oxc-transform/binding-win32-ia32-msvc@0.111.0 OK for: oxc-transform@0.111.0 want: 0.111.0
1451 silly placeDep ROOT @oxc-transform/binding-win32-x64-msvc@0.111.0 OK for: oxc-transform@0.111.0 want: 0.111.0
1452 silly fetch manifest @napi-rs/wasm-runtime@^1.1.1
1453 silly packumentCache full:https://registry.npmjs.org/@napi-rs%2fwasm-runtime cache-miss
1454 http fetch GET 200 https://registry.npmjs.org/@napi-rs%2fwasm-runtime 73ms (cache miss)
1455 silly packumentCache full:https://registry.npmjs.org/@napi-rs%2fwasm-runtime set size:undefined disposed:false
1456 silly fetch manifest @emnapi/core@^1.7.1 || ^2.0.0-alpha.3
1457 silly packumentCache full:https://registry.npmjs.org/@emnapi%2fcore cache-miss
1458 http fetch GET 200 https://registry.npmjs.org/@emnapi%2fcore 74ms (cache miss)
1459 silly packumentCache full:https://registry.npmjs.org/@emnapi%2fcore set size:undefined disposed:false
1460 silly fetch manifest @emnapi/runtime@^1.7.1 || ^2.0.0-alpha.3
1461 silly packumentCache full:https://registry.npmjs.org/@emnapi%2fruntime cache-miss
1462 http fetch GET 200 https://registry.npmjs.org/@emnapi%2fruntime 62ms (cache miss)
1463 silly packumentCache full:https://registry.npmjs.org/@emnapi%2fruntime set size:undefined disposed:false
1464 silly placeDep ROOT @napi-rs/wasm-runtime@1.2.2 OK for: @oxc-transform/binding-wasm32-wasi@0.111.0 want: ^1.1.1
1465 silly placeDep ROOT @emnapi/core@1.11.3 OK for: @napi-rs/wasm-runtime@1.2.2 want: ^1.7.1 || ^2.0.0-alpha.3
1466 silly placeDep ROOT @emnapi/runtime@1.11.3 OK for: @napi-rs/wasm-runtime@1.2.2 want: ^1.7.1 || ^2.0.0-alpha.3
1467 silly fetch manifest @tybys/wasm-util@^0.10.3
1468 silly packumentCache full:https://registry.npmjs.org/@tybys%2fwasm-util cache-miss
1469 silly fetch manifest tslib@^2.4.0
1470 silly packumentCache full:https://registry.npmjs.org/tslib cache-miss
1471 silly fetch manifest tslib@^2.4.0
1472 silly packumentCache full:https://registry.npmjs.org/tslib cache-miss
1473 silly fetch manifest @emnapi/wasi-threads@1.2.3
1474 silly packumentCache full:https://registry.npmjs.org/@emnapi%2fwasi-threads cache-miss
1475 http fetch GET 200 https://registry.npmjs.org/tslib 80ms (cache miss)
1476 silly packumentCache full:https://registry.npmjs.org/tslib set size:undefined disposed:false
1477 http fetch GET 200 https://registry.npmjs.org/tslib 82ms (cache miss)
1478 silly packumentCache full:https://registry.npmjs.org/tslib set size:undefined disposed:false
1479 http fetch GET 200 https://registry.npmjs.org/@emnapi%2fwasi-threads 86ms (cache miss)
1480 silly packumentCache full:https://registry.npmjs.org/@emnapi%2fwasi-threads set size:undefined disposed:false
1481 http fetch GET 200 https://registry.npmjs.org/@tybys%2fwasm-util 92ms (cache miss)
1482 silly packumentCache full:https://registry.npmjs.org/@tybys%2fwasm-util set size:undefined disposed:false
1483 silly placeDep ROOT @emnapi/wasi-threads@1.2.3 OK for: @emnapi/core@1.11.3 want: 1.2.3
1484 silly placeDep ROOT tslib@2.8.1 OK for: @emnapi/core@1.11.3 want: ^2.4.0
1485 silly placeDep ROOT @tybys/wasm-util@0.10.3 OK for: @napi-rs/wasm-runtime@1.2.2 want: ^0.10.3
1486 silly placeDep ROOT lru-cache@11.5.2 OK for: path-scurry@2.0.2 want: ^11.0.0
1487 silly placeDep ROOT parse-ms@2.1.0 OK for: pretty-ms@7.0.1 want: ^2.1.0
1488 silly placeDep ROOT end-of-stream@1.4.5 OK for: pump@3.0.4 want: ^1.1.0
1489 silly placeDep ROOT once@1.4.0 OK for: pump@3.0.4 want: ^1.3.1
1490 silly fetch manifest once@^1.4.0
1491 silly packumentCache full:https://registry.npmjs.org/once cache-miss
1492 silly fetch manifest wrappy@1
1493 silly packumentCache full:https://registry.npmjs.org/wrappy cache-miss
1494 http cache https://registry.npmjs.org/once 11ms (cache hit)
1495 silly packumentCache full:https://registry.npmjs.org/once set size:11752 disposed:false
1496 http fetch GET 200 https://registry.npmjs.org/wrappy 44ms (cache miss)
1497 silly packumentCache full:https://registry.npmjs.org/wrappy set size:undefined disposed:false
1498 silly placeDep ROOT wrappy@1.0.2 OK for: once@1.4.0 want: 1
1499 silly placeDep ROOT bytes@3.1.0 OK for: raw-body@2.4.1 want: 3.1.0
1500 silly placeDep ROOT http-errors@1.7.3 OK for: raw-body@2.4.1 want: 1.7.3
1501 silly placeDep ROOT iconv-lite@0.4.24 OK for: raw-body@2.4.1 want: 0.4.24
1502 silly placeDep ROOT unpipe@1.0.0 OK for: raw-body@2.4.1 want: 1.0.0
1503 silly fetch manifest depd@~1.1.2
1504 silly packumentCache full:https://registry.npmjs.org/depd cache-miss
1505 silly fetch manifest inherits@2.0.4
1506 silly packumentCache full:https://registry.npmjs.org/inherits cache-miss
1507 silly fetch manifest statuses@>= 1.5.0 < 2
1508 silly packumentCache full:https://registry.npmjs.org/statuses cache-miss
1509 silly fetch manifest toidentifier@1.0.0
1510 silly packumentCache full:https://registry.npmjs.org/toidentifier cache-miss
1511 silly fetch manifest setprototypeof@1.1.1
1512 silly packumentCache full:https://registry.npmjs.org/setprototypeof cache-miss
1513 silly fetch manifest safer-buffer@>= 2.1.2 < 3
1514 silly packumentCache full:https://registry.npmjs.org/safer-buffer cache-miss
1515 http fetch GET 200 https://registry.npmjs.org/inherits 62ms (cache miss)
1516 silly packumentCache full:https://registry.npmjs.org/inherits set size:undefined disposed:false
1517 http fetch GET 200 https://registry.npmjs.org/toidentifier 65ms (cache miss)
1518 silly packumentCache full:https://registry.npmjs.org/toidentifier set size:undefined disposed:false
1519 http fetch GET 200 https://registry.npmjs.org/statuses 67ms (cache miss)
1520 silly packumentCache full:https://registry.npmjs.org/statuses set size:undefined disposed:false
1521 http fetch GET 200 https://registry.npmjs.org/safer-buffer 69ms (cache miss)
1522 silly packumentCache full:https://registry.npmjs.org/safer-buffer set size:undefined disposed:false
1523 http fetch GET 200 https://registry.npmjs.org/depd 73ms (cache miss)
1524 silly packumentCache full:https://registry.npmjs.org/depd set size:undefined disposed:false
1525 http fetch GET 200 https://registry.npmjs.org/setprototypeof 267ms (cache miss)
1526 silly packumentCache full:https://registry.npmjs.org/setprototypeof set size:undefined disposed:false
1527 silly placeDep ROOT depd@1.1.2 OK for: http-errors@1.7.3 want: ~1.1.2
1528 silly placeDep ROOT inherits@2.0.4 OK for: http-errors@1.7.3 want: 2.0.4
1529 silly placeDep ROOT setprototypeof@1.1.1 OK for: http-errors@1.7.3 want: 1.1.1
1530 silly placeDep ROOT statuses@1.5.0 OK for: http-errors@1.7.3 want: >= 1.5.0 < 2
1531 silly placeDep ROOT toidentifier@1.0.0 OK for: http-errors@1.7.3 want: 1.0.0
1532 silly placeDep ROOT safer-buffer@2.1.2 OK for: iconv-lite@0.4.24 want: >= 2.1.2 < 3
1533 silly placeDep ROOT @oxc-project/types@0.110.0 OK for: rolldown@1.0.0-rc.1 want: =0.110.0
1534 silly placeDep ROOT @rolldown/binding-android-arm64@1.0.0-rc.1 OK for: rolldown@1.0.0-rc.1 want: 1.0.0-rc.1
1535 silly placeDep ROOT @rolldown/binding-darwin-arm64@1.0.0-rc.1 OK for: rolldown@1.0.0-rc.1 want: 1.0.0-rc.1
1536 silly placeDep ROOT @rolldown/binding-darwin-x64@1.0.0-rc.1 OK for: rolldown@1.0.0-rc.1 want: 1.0.0-rc.1
1537 silly placeDep ROOT @rolldown/binding-freebsd-x64@1.0.0-rc.1 OK for: rolldown@1.0.0-rc.1 want: 1.0.0-rc.1
1538 silly placeDep ROOT @rolldown/binding-linux-arm-gnueabihf@1.0.0-rc.1 OK for: rolldown@1.0.0-rc.1 want: 1.0.0-rc.1
1539 silly placeDep ROOT @rolldown/binding-linux-arm64-gnu@1.0.0-rc.1 OK for: rolldown@1.0.0-rc.1 want: 1.0.0-rc.1
1540 silly placeDep ROOT @rolldown/binding-linux-arm64-musl@1.0.0-rc.1 OK for: rolldown@1.0.0-rc.1 want: 1.0.0-rc.1
1541 silly placeDep ROOT @rolldown/binding-linux-x64-gnu@1.0.0-rc.1 OK for: rolldown@1.0.0-rc.1 want: 1.0.0-rc.1
1542 silly placeDep ROOT @rolldown/binding-linux-x64-musl@1.0.0-rc.1 OK for: rolldown@1.0.0-rc.1 want: 1.0.0-rc.1
1543 silly placeDep ROOT @rolldown/binding-openharmony-arm64@1.0.0-rc.1 OK for: rolldown@1.0.0-rc.1 want: 1.0.0-rc.1
1544 silly placeDep ROOT @rolldown/binding-wasm32-wasi@1.0.0-rc.1 OK for: rolldown@1.0.0-rc.1 want: 1.0.0-rc.1
1545 silly placeDep ROOT @rolldown/binding-win32-arm64-msvc@1.0.0-rc.1 OK for: rolldown@1.0.0-rc.1 want: 1.0.0-rc.1
1546 silly placeDep ROOT @rolldown/binding-win32-x64-msvc@1.0.0-rc.1 OK for: rolldown@1.0.0-rc.1 want: 1.0.0-rc.1
1547 silly placeDep ROOT @rolldown/pluginutils@1.0.0-rc.1 OK for: rolldown@1.0.0-rc.1 want: 1.0.0-rc.1
1548 silly fetch manifest bufferutil@^4.0.1
1549 silly packumentCache full:https://registry.npmjs.org/bufferutil cache-miss
1550 http fetch GET 200 https://registry.npmjs.org/bufferutil 63ms (cache miss)
1551 silly packumentCache full:https://registry.npmjs.org/bufferutil set size:undefined disposed:false
1552 silly fetch manifest utf-8-validate@>=5.0.2
1553 silly packumentCache full:https://registry.npmjs.org/utf-8-validate cache-miss
1554 http fetch GET 200 https://registry.npmjs.org/utf-8-validate 50ms (cache miss)
1555 silly packumentCache full:https://registry.npmjs.org/utf-8-validate set size:undefined disposed:false
1556 silly placeDep ROOT @vercel/sandbox@2.4.0 OK for: sandbox@3.4.0 want: 2.4.0
1557 silly placeDep node_modules/sandbox debug@4.4.3 OK for: sandbox@3.4.0 want: ^4.4.1
1558 silly placeDep ROOT ws@8.21.1 OK for: sandbox@3.4.0 want: ^8.21.0
1559 silly fetch manifest ms@2.1.3
1560 silly packumentCache full:https://registry.npmjs.org/ms cache-hit
1561 silly fetch manifest jose@6.2.3
1562 silly packumentCache full:https://registry.npmjs.org/jose cache-miss
1563 silly fetch manifest undici@^7.27.1
1564 silly packumentCache full:https://registry.npmjs.org/undici cache-miss
1565 silly fetch manifest jsonlines@0.1.1
1566 silly packumentCache full:https://registry.npmjs.org/jsonlines cache-miss
1567 silly fetch manifest picocolors@^1.1.1
1568 silly packumentCache full:https://registry.npmjs.org/picocolors cache-miss
1569 silly fetch manifest tar-stream@3.1.7
1570 silly packumentCache full:https://registry.npmjs.org/tar-stream cache-miss
1571 silly fetch manifest @vercel/oidc@3.2.0
1572 silly packumentCache full:https://registry.npmjs.org/@vercel%2foidc cache-miss
1573 silly fetch manifest @workflow/serde@4.1.0-beta.2
1574 silly packumentCache full:https://registry.npmjs.org/@workflow%2fserde cache-miss
1575 http cache https://registry.npmjs.org/picocolors 13ms (cache hit)
1576 silly packumentCache full:https://registry.npmjs.org/picocolors set size:16648 disposed:false
1577 silly fetch manifest ms@^2.1.3
1578 silly packumentCache full:https://registry.npmjs.org/ms cache-hit
1579 http cache https://registry.npmjs.org/undici 20ms (cache hit)
1580 silly packumentCache full:https://registry.npmjs.org/undici set size:1490559 disposed:false
1581 http cache https://registry.npmjs.org/jose 33ms (cache hit)
1582 silly packumentCache full:https://registry.npmjs.org/jose set size:1435202 disposed:false
1583 http fetch GET 200 https://registry.npmjs.org/jsonlines 51ms (cache miss)
1584 silly packumentCache full:https://registry.npmjs.org/jsonlines set size:undefined disposed:false
1585 http fetch GET 200 https://registry.npmjs.org/tar-stream 53ms (cache miss)
1586 silly packumentCache full:https://registry.npmjs.org/tar-stream set size:undefined disposed:false
1587 http fetch GET 200 https://registry.npmjs.org/@workflow%2fserde 250ms (cache miss)
1588 silly packumentCache full:https://registry.npmjs.org/@workflow%2fserde set size:undefined disposed:false
1589 http fetch GET 200 https://registry.npmjs.org/@vercel%2foidc 256ms (cache miss)
1590 silly packumentCache full:https://registry.npmjs.org/@vercel%2foidc set size:undefined disposed:false
1591 silly placeDep ROOT @vercel/oidc@3.2.0 OK for: @vercel/sandbox@2.4.0 want: 3.2.0
1592 silly placeDep ROOT @workflow/serde@4.1.0-beta.2 OK for: @vercel/sandbox@2.4.0 want: 4.1.0-beta.2
1593 silly placeDep node_modules/@vercel/sandbox jose@6.2.3 OK for: @vercel/sandbox@2.4.0 want: 6.2.3
1594 silly placeDep ROOT jsonlines@0.1.1 OK for: @vercel/sandbox@2.4.0 want: 0.1.1
1595 silly placeDep node_modules/@vercel/sandbox ms@2.1.3 OK for: @vercel/sandbox@2.4.0 want: 2.1.3
1596 silly placeDep node_modules/@vercel/sandbox picocolors@1.1.1 OK for: @vercel/sandbox@2.4.0 want: ^1.1.1
1597 silly placeDep ROOT tar-stream@3.1.7 OK for: @vercel/sandbox@2.4.0 want: 3.1.7
1598 silly placeDep node_modules/@vercel/sandbox undici@7.29.0 OK for: @vercel/sandbox@2.4.0 want: ^7.27.1
1599 silly placeDep node_modules/@vercel/sandbox xdg-app-paths@5.1.0 OK for: @vercel/sandbox@2.4.0 want: 5.1.0
1600 silly fetch manifest b4a@^1.6.4
1601 silly packumentCache full:https://registry.npmjs.org/b4a cache-miss
1602 silly fetch manifest streamx@^2.15.0
1603 silly packumentCache full:https://registry.npmjs.org/streamx cache-miss
1604 silly fetch manifest fast-fifo@^1.2.0
1605 silly packumentCache full:https://registry.npmjs.org/fast-fifo cache-miss
1606 http fetch GET 200 https://registry.npmjs.org/fast-fifo 51ms (cache miss)
1607 silly packumentCache full:https://registry.npmjs.org/fast-fifo set size:undefined disposed:false
1608 http fetch GET 200 https://registry.npmjs.org/streamx 55ms (cache miss)
1609 silly packumentCache full:https://registry.npmjs.org/streamx set size:undefined disposed:false
1610 http fetch GET 200 https://registry.npmjs.org/b4a 270ms (cache miss)
1611 silly packumentCache full:https://registry.npmjs.org/b4a set size:undefined disposed:false
1612 silly placeDep node_modules/semver lru-cache@6.0.0 OK for: semver@7.5.4 want: ^6.0.0
1613 silly fetch manifest yallist@^4.0.0
1614 silly packumentCache full:https://registry.npmjs.org/yallist cache-miss
1615 http cache https://registry.npmjs.org/yallist 11ms (cache hit)
1616 silly packumentCache full:https://registry.npmjs.org/yallist set size:34610 disposed:false
1617 silly placeDep ROOT shebang-regex@3.0.0 OK for: shebang-command@2.0.0 want: ^3.0.0
1618 silly placeDep ROOT any-promise@1.3.0 OK for: stream-to-promise@2.2.0 want: ~1.3.0
1619 silly placeDep node_modules/stream-to-promise end-of-stream@1.1.0 OK for: stream-to-promise@2.2.0 want: ~1.1.0
1620 silly placeDep ROOT stream-to-array@2.3.0 OK for: stream-to-promise@2.2.0 want: ~2.3.0
1621 silly fetch manifest once@~1.3.0
1622 silly packumentCache full:https://registry.npmjs.org/once cache-hit
1623 silly placeDep ROOT @isaacs/fs-minipass@4.0.1 OK for: tar@7.5.7 want: ^4.0.0
1624 silly placeDep ROOT chownr@3.0.0 OK for: tar@7.5.7 want: ^3.0.0
1625 silly placeDep ROOT minizlib@3.1.0 OK for: tar@7.5.7 want: ^3.1.0
1626 silly placeDep ROOT yallist@5.0.0 OK for: tar@7.5.7 want: ^5.0.0
1627 silly fetch manifest react-native-b4a@*
1628 silly packumentCache full:https://registry.npmjs.org/react-native-b4a cache-miss
1629 http fetch GET 200 https://registry.npmjs.org/react-native-b4a 51ms (cache miss)
1630 silly packumentCache full:https://registry.npmjs.org/react-native-b4a set size:undefined disposed:false
1631 silly fetch manifest react@*
1632 silly packumentCache full:https://registry.npmjs.org/react cache-miss
1633 http fetch GET 200 https://registry.npmjs.org/react 278ms (cache miss)
1634 silly packumentCache full:https://registry.npmjs.org/react set size:undefined disposed:false
1635 silly fetch manifest react-native@*
1636 silly packumentCache full:https://registry.npmjs.org/react-native cache-miss
1637 http fetch GET 200 https://registry.npmjs.org/react-native 422ms (cache miss)
1638 silly packumentCache full:https://registry.npmjs.org/react-native set size:undefined disposed:false
1639 silly fetch manifest @react-native/jest-preset@0.86.2
1640 silly packumentCache full:https://registry.npmjs.org/@react-native%2fjest-preset cache-miss
1641 http fetch GET 200 https://registry.npmjs.org/@react-native%2fjest-preset 68ms (cache miss)
1642 silly packumentCache full:https://registry.npmjs.org/@react-native%2fjest-preset set size:undefined disposed:false
1643 silly fetch manifest @types/react@^19.1.1
1644 silly packumentCache full:https://registry.npmjs.org/@types%2freact cache-miss
1645 http fetch GET 200 https://registry.npmjs.org/@types%2freact 119ms (cache miss)
1646 silly packumentCache full:https://registry.npmjs.org/@types%2freact set size:undefined disposed:false
1647 silly placeDep ROOT b4a@1.8.1 OK for: tar-stream@3.1.7 want: ^1.6.4
1648 silly placeDep ROOT fast-fifo@1.3.2 OK for: tar-stream@3.1.7 want: ^1.2.0
1649 silly placeDep ROOT streamx@2.28.0 OK for: tar-stream@3.1.7 want: ^2.15.0
1650 silly fetch manifest events-universal@^1.0.0
1651 silly packumentCache full:https://registry.npmjs.org/events-universal cache-miss
1652 silly fetch manifest text-decoder@^1.1.0
1653 silly packumentCache full:https://registry.npmjs.org/text-decoder cache-miss
1654 http fetch GET 200 https://registry.npmjs.org/events-universal 59ms (cache miss)
1655 silly packumentCache full:https://registry.npmjs.org/events-universal set size:undefined disposed:false
1656 http fetch GET 200 https://registry.npmjs.org/text-decoder 60ms (cache miss)
1657 silly packumentCache full:https://registry.npmjs.org/text-decoder set size:undefined disposed:false
1658 silly placeDep ROOT events-universal@1.0.1 OK for: streamx@2.28.0 want: ^1.0.0
1659 silly placeDep ROOT text-decoder@1.2.7 OK for: streamx@2.28.0 want: ^1.1.0
1660 silly fetch manifest bare-events@^2.7.0
1661 silly packumentCache full:https://registry.npmjs.org/bare-events cache-miss
1662 http fetch GET 200 https://registry.npmjs.org/bare-events 55ms (cache miss)
1663 silly packumentCache full:https://registry.npmjs.org/bare-events set size:undefined disposed:false
1664 silly fetch manifest bare-abort-controller@*
1665 silly packumentCache full:https://registry.npmjs.org/bare-abort-controller cache-miss
1666 http fetch GET 200 https://registry.npmjs.org/bare-abort-controller 41ms (cache miss)
1667 silly packumentCache full:https://registry.npmjs.org/bare-abort-controller set size:undefined disposed:false
1668 silly placeDep ROOT bare-events@2.9.1 OK for: events-universal@1.0.1 want: ^2.7.0
1669 silly placeDep ROOT convert-hrtime@3.0.0 OK for: time-span@4.0.0 want: ^3.0.0
1670 silly placeDep ROOT @ts-morph/common@0.11.1 OK for: ts-morph@12.0.0 want: ~0.11.0
1671 silly placeDep ROOT code-block-writer@10.1.1 OK for: ts-morph@12.0.0 want: ^10.1.1
1672 silly fetch manifest mkdirp@^1.0.4
1673 silly packumentCache full:https://registry.npmjs.org/mkdirp cache-miss
1674 silly fetch manifest fast-glob@^3.2.7
1675 silly packumentCache full:https://registry.npmjs.org/fast-glob cache-miss
1676 silly fetch manifest minimatch@^3.0.4
1677 silly packumentCache full:https://registry.npmjs.org/minimatch cache-hit
1678 silly fetch manifest path-browserify@^1.0.1
1679 silly packumentCache full:https://registry.npmjs.org/path-browserify cache-miss
1680 http fetch GET 200 https://registry.npmjs.org/path-browserify 60ms (cache miss)
1681 silly packumentCache full:https://registry.npmjs.org/path-browserify set size:undefined disposed:false
1682 http fetch GET 200 https://registry.npmjs.org/mkdirp 67ms (cache miss)
1683 silly packumentCache full:https://registry.npmjs.org/mkdirp set size:undefined disposed:false
1684 http fetch GET 200 https://registry.npmjs.org/fast-glob 75ms (cache miss)
1685 silly packumentCache full:https://registry.npmjs.org/fast-glob set size:undefined disposed:false
1686 silly placeDep ROOT fast-glob@3.3.3 OK for: @ts-morph/common@0.11.1 want: ^3.2.7
1687 silly placeDep node_modules/@ts-morph/common minimatch@3.1.5 OK for: @ts-morph/common@0.11.1 want: ^3.0.4
1688 silly placeDep ROOT mkdirp@1.0.4 OK for: @ts-morph/common@0.11.1 want: ^1.0.4
1689 silly placeDep ROOT path-browserify@1.0.1 OK for: @ts-morph/common@0.11.1 want: ^1.0.1
1690 silly fetch manifest @nodelib/fs.stat@^2.0.2
1691 silly packumentCache full:https://registry.npmjs.org/@nodelib%2ffs.stat cache-miss
1692 silly fetch manifest @nodelib/fs.walk@^1.2.3
1693 silly packumentCache full:https://registry.npmjs.org/@nodelib%2ffs.walk cache-miss
1694 silly fetch manifest glob-parent@^5.1.2
1695 silly packumentCache full:https://registry.npmjs.org/glob-parent cache-miss
1696 silly fetch manifest merge2@^1.3.0
1697 silly packumentCache full:https://registry.npmjs.org/merge2 cache-miss
1698 silly fetch manifest micromatch@^4.0.8
1699 silly packumentCache full:https://registry.npmjs.org/micromatch cache-miss
1700 silly fetch manifest brace-expansion@^1.1.7
1701 silly packumentCache full:https://registry.npmjs.org/brace-expansion cache-miss
1702 http cache https://registry.npmjs.org/brace-expansion 24ms (cache hit)
1703 silly packumentCache full:https://registry.npmjs.org/brace-expansion set size:101024 disposed:false
1704 http fetch GET 200 https://registry.npmjs.org/@nodelib%2ffs.stat 68ms (cache miss)
1705 silly packumentCache full:https://registry.npmjs.org/@nodelib%2ffs.stat set size:undefined disposed:false
1706 http fetch GET 200 https://registry.npmjs.org/glob-parent 68ms (cache miss)
1707 silly packumentCache full:https://registry.npmjs.org/glob-parent set size:undefined disposed:false
1708 http fetch GET 200 https://registry.npmjs.org/merge2 70ms (cache miss)
1709 silly packumentCache full:https://registry.npmjs.org/merge2 set size:undefined disposed:false
1710 http fetch GET 200 https://registry.npmjs.org/micromatch 72ms (cache miss)
1711 silly packumentCache full:https://registry.npmjs.org/micromatch set size:undefined disposed:false
1712 http fetch GET 200 https://registry.npmjs.org/@nodelib%2ffs.walk 78ms (cache miss)
1713 silly packumentCache full:https://registry.npmjs.org/@nodelib%2ffs.walk set size:undefined disposed:false
1714 silly placeDep ROOT @nodelib/fs.stat@2.0.5 OK for: fast-glob@3.3.3 want: ^2.0.2
1715 silly placeDep ROOT @nodelib/fs.walk@1.2.8 OK for: fast-glob@3.3.3 want: ^1.2.3
1716 silly placeDep ROOT glob-parent@5.1.2 OK for: fast-glob@3.3.3 want: ^5.1.2
1717 silly placeDep ROOT merge2@1.4.1 OK for: fast-glob@3.3.3 want: ^1.3.0
1718 silly placeDep ROOT micromatch@4.0.8 OK for: fast-glob@3.3.3 want: ^4.0.8
1719 silly fetch manifest fastq@^1.6.0
1720 silly packumentCache full:https://registry.npmjs.org/fastq cache-miss
1721 silly fetch manifest @nodelib/fs.scandir@2.1.5
1722 silly packumentCache full:https://registry.npmjs.org/@nodelib%2ffs.scandir cache-miss
1723 silly fetch manifest is-glob@^4.0.1
1724 silly packumentCache full:https://registry.npmjs.org/is-glob cache-miss
1725 silly fetch manifest braces@^3.0.3
1726 silly packumentCache full:https://registry.npmjs.org/braces cache-miss
1727 silly fetch manifest picomatch@^2.3.1
1728 silly packumentCache full:https://registry.npmjs.org/picomatch cache-miss
1729 http cache https://registry.npmjs.org/picomatch 14ms (cache hit)
1730 silly packumentCache full:https://registry.npmjs.org/picomatch set size:128942 disposed:false
1731 http fetch GET 200 https://registry.npmjs.org/braces 64ms (cache miss)
1732 silly packumentCache full:https://registry.npmjs.org/braces set size:undefined disposed:false
1733 http fetch GET 200 https://registry.npmjs.org/fastq 69ms (cache miss)
1734 silly packumentCache full:https://registry.npmjs.org/fastq set size:undefined disposed:false
1735 http fetch GET 200 https://registry.npmjs.org/@nodelib%2ffs.scandir 72ms (cache miss)
1736 silly packumentCache full:https://registry.npmjs.org/@nodelib%2ffs.scandir set size:undefined disposed:false
1737 http fetch GET 200 https://registry.npmjs.org/is-glob 75ms (cache miss)
1738 silly packumentCache full:https://registry.npmjs.org/is-glob set size:undefined disposed:false
1739 silly placeDep ROOT @nodelib/fs.scandir@2.1.5 OK for: @nodelib/fs.walk@1.2.8 want: 2.1.5
1740 silly placeDep ROOT fastq@1.20.1 OK for: @nodelib/fs.walk@1.2.8 want: ^1.6.0
1741 silly fetch manifest run-parallel@^1.1.9
1742 silly packumentCache full:https://registry.npmjs.org/run-parallel cache-miss
1743 silly fetch manifest reusify@^1.0.4
1744 silly packumentCache full:https://registry.npmjs.org/reusify cache-miss
1745 http fetch GET 200 https://registry.npmjs.org/run-parallel 51ms (cache miss)
1746 silly packumentCache full:https://registry.npmjs.org/run-parallel set size:undefined disposed:false
1747 http fetch GET 200 https://registry.npmjs.org/reusify 53ms (cache miss)
1748 silly packumentCache full:https://registry.npmjs.org/reusify set size:undefined disposed:false
1749 silly placeDep ROOT run-parallel@1.2.0 OK for: @nodelib/fs.scandir@2.1.5 want: ^1.1.9
1750 silly fetch manifest queue-microtask@^1.2.2
1751 silly packumentCache full:https://registry.npmjs.org/queue-microtask cache-miss
1752 http fetch GET 200 https://registry.npmjs.org/queue-microtask 56ms (cache miss)
1753 silly packumentCache full:https://registry.npmjs.org/queue-microtask set size:undefined disposed:false
1754 silly placeDep ROOT reusify@1.1.0 OK for: fastq@1.20.1 want: ^1.0.4
1755 silly placeDep ROOT is-glob@4.0.3 OK for: glob-parent@5.1.2 want: ^4.0.1
1756 silly fetch manifest is-extglob@^2.1.1
1757 silly packumentCache full:https://registry.npmjs.org/is-extglob cache-miss
1758 http fetch GET 200 https://registry.npmjs.org/is-extglob 48ms (cache miss)
1759 silly packumentCache full:https://registry.npmjs.org/is-extglob set size:undefined disposed:false
1760 silly placeDep ROOT is-extglob@2.1.1 OK for: is-glob@4.0.3 want: ^2.1.1
1761 silly placeDep ROOT braces@3.0.3 OK for: micromatch@4.0.8 want: ^3.0.3
1762 silly placeDep node_modules/micromatch picomatch@2.3.2 OK for: micromatch@4.0.8 want: ^2.3.1
1763 silly fetch manifest fill-range@^7.1.1
1764 silly packumentCache full:https://registry.npmjs.org/fill-range cache-miss
1765 http fetch GET 200 https://registry.npmjs.org/fill-range 49ms (cache miss)
1766 silly packumentCache full:https://registry.npmjs.org/fill-range set size:undefined disposed:false
1767 silly placeDep ROOT fill-range@7.1.1 OK for: braces@3.0.3 want: ^7.1.1
1768 silly fetch manifest to-regex-range@^5.0.1
1769 silly packumentCache full:https://registry.npmjs.org/to-regex-range cache-miss
1770 http fetch GET 200 https://registry.npmjs.org/to-regex-range 51ms (cache miss)
1771 silly packumentCache full:https://registry.npmjs.org/to-regex-range set size:undefined disposed:false
1772 silly placeDep ROOT to-regex-range@5.0.1 OK for: fill-range@7.1.1 want: ^5.0.1
1773 silly fetch manifest is-number@^7.0.0
1774 silly packumentCache full:https://registry.npmjs.org/is-number cache-miss
1775 http fetch GET 200 https://registry.npmjs.org/is-number 60ms (cache miss)
1776 silly packumentCache full:https://registry.npmjs.org/is-number set size:undefined disposed:false
1777 silly placeDep ROOT queue-microtask@1.2.3 OK for: run-parallel@1.2.0 want: ^1.2.2
1778 silly placeDep ROOT is-number@7.0.0 OK for: to-regex-range@5.0.1 want: ^7.0.0
1779 silly placeDep ROOT fsevents@2.3.3 OK for: tsx@4.21.0 want: ~2.3.3
1780 silly placeDep ROOT get-tsconfig@4.14.1 OK for: tsx@4.21.0 want: ^4.7.5
1781 silly fetch manifest resolve-pkg-maps@^1.0.0
1782 silly packumentCache full:https://registry.npmjs.org/resolve-pkg-maps cache-miss
1783 http fetch GET 200 https://registry.npmjs.org/resolve-pkg-maps 41ms (cache miss)
1784 silly packumentCache full:https://registry.npmjs.org/resolve-pkg-maps set size:undefined disposed:false
1785 silly placeDep ROOT resolve-pkg-maps@1.0.0 OK for: get-tsconfig@4.14.1 want: ^1.0.0
1786 silly placeDep ROOT @fastify/busboy@2.1.1 OK for: undici@5.29.0 want: ^2.0.0
1787 silly placeDep ROOT punycode@2.3.1 OK for: uri-js@4.4.1 want: ^2.1.0
1788 silly placeDep ROOT tr46@0.0.3 OK for: whatwg-url@5.0.0 want: ~0.0.3
1789 silly placeDep ROOT webidl-conversions@3.0.1 OK for: whatwg-url@5.0.0 want: ^3.0.0
1790 silly placeDep ROOT isexe@2.0.0 OK for: which@2.0.2 want: ^2.0.0
1791 silly placeDep ROOT os-paths@4.4.0 OK for: xdg-app-paths@5.5.1 want: ^4.0.1
1792 silly placeDep ROOT xdg-portable@7.3.0 OK for: xdg-app-paths@5.5.1 want: ^7.2.0
1793 silly placeDep ROOT yauzl@2.10.0 OK for: yauzl-promise@2.1.3 want: ^2.9.1
1794 silly placeDep ROOT yauzl-clone@1.0.4 OK for: yauzl-promise@2.1.3 want: ^1.0.4
1795 silly fetch manifest fd-slicer@~1.1.0
1796 silly packumentCache full:https://registry.npmjs.org/fd-slicer cache-miss
1797 silly fetch manifest buffer-crc32@~0.2.3
1798 silly packumentCache full:https://registry.npmjs.org/buffer-crc32 cache-miss
1799 silly fetch manifest events-intercept@^2.0.0
1800 silly packumentCache full:https://registry.npmjs.org/events-intercept cache-miss
1801 http fetch GET 200 https://registry.npmjs.org/fd-slicer 42ms (cache miss)
1802 silly packumentCache full:https://registry.npmjs.org/fd-slicer set size:undefined disposed:false
1803 http fetch GET 200 https://registry.npmjs.org/events-intercept 54ms (cache miss)
1804 silly packumentCache full:https://registry.npmjs.org/events-intercept set size:undefined disposed:false
1805 http fetch GET 200 https://registry.npmjs.org/buffer-crc32 55ms (cache miss)
1806 silly packumentCache full:https://registry.npmjs.org/buffer-crc32 set size:undefined disposed:false
1807 silly placeDep ROOT buffer-crc32@0.2.13 OK for: yauzl@2.10.0 want: ~0.2.3
1808 silly placeDep ROOT fd-slicer@1.1.0 OK for: yauzl@2.10.0 want: ~1.1.0
1809 silly fetch manifest pend@~1.2.0
1810 silly packumentCache full:https://registry.npmjs.org/pend cache-miss
1811 http fetch GET 200 https://registry.npmjs.org/pend 51ms (cache miss)
1812 silly packumentCache full:https://registry.npmjs.org/pend set size:undefined disposed:false
1813 silly placeDep ROOT pend@1.2.0 OK for: fd-slicer@1.1.0 want: ~1.2.0
1814 silly placeDep ROOT events-intercept@2.0.0 OK for: yauzl-clone@1.0.4 want: ^2.0.0
1815 silly placeDep ROOT brace-expansion@1.1.18 OK for: minimatch@3.1.5 want: ^1.1.7
1816 silly fetch manifest concat-map@0.0.1
1817 silly packumentCache full:https://registry.npmjs.org/concat-map cache-miss
1818 silly fetch manifest balanced-match@^1.0.0
1819 silly packumentCache full:https://registry.npmjs.org/balanced-match cache-miss
1820 http fetch GET 200 https://registry.npmjs.org/balanced-match 51ms (cache miss)
1821 silly packumentCache full:https://registry.npmjs.org/balanced-match set size:undefined disposed:false
1822 http fetch GET 200 https://registry.npmjs.org/concat-map 58ms (cache miss)
1823 silly packumentCache full:https://registry.npmjs.org/concat-map set size:undefined disposed:false
1824 silly placeDep ROOT balanced-match@1.0.2 OK for: brace-expansion@1.1.18 want: ^1.0.0
1825 silly placeDep ROOT concat-map@0.0.1 OK for: brace-expansion@1.1.18 want: 0.0.1
1826 silly placeDep node_modules/@vercel/rust get-stream@6.0.1 OK for: execa@5.1.1 want: ^6.0.0
1827 silly placeDep node_modules/@vercel/rust human-signals@2.1.0 OK for: execa@5.1.1 want: ^2.1.0
1828 silly placeDep node_modules/@vercel/rust signal-exit@3.0.7 OK for: execa@5.1.1 want: ^3.0.3
1829 silly placeDep node_modules/glob brace-expansion@5.0.9 OK for: minimatch@10.2.6 want: ^5.0.8
1830 silly fetch manifest balanced-match@^4.0.2
1831 silly packumentCache full:https://registry.npmjs.org/balanced-match cache-miss
1832 http cache https://registry.npmjs.org/balanced-match 10ms (cache hit)
1833 silly packumentCache full:https://registry.npmjs.org/balanced-match set size:39082 disposed:false
1834 silly placeDep node_modules/glob balanced-match@4.0.4 OK for: brace-expansion@5.0.9 want: ^4.0.2
1835 silly placeDep node_modules/sandbox ms@2.1.3 OK for: debug@4.4.3 want: ^2.1.3
1836 silly placeDep node_modules/semver yallist@4.0.0 OK for: lru-cache@6.0.0 want: ^4.0.0
1837 silly placeDep node_modules/stream-to-promise once@1.3.3 OK for: end-of-stream@1.1.0 want: ~1.3.0
1838 silly reify moves {}
1839 verbose reify failed optional dependency D:\practice\.sites-runtime\npm-cache\_npx\69f9afb961c37556\node_modules\fsevents
1840 silly reify mark deleted [
1840 silly reify   'D:\\practice\\.sites-runtime\\npm-cache\\_npx\\69f9afb961c37556\\node_modules\\fsevents'
1840 silly reify ]
1841 verbose reify failed optional dependency D:\practice\.sites-runtime\npm-cache\_npx\69f9afb961c37556\node_modules\@rolldown\binding-win32-arm64-msvc
1842 silly reify mark deleted [
1842 silly reify   'D:\\practice\\.sites-runtime\\npm-cache\\_npx\\69f9afb961c37556\\node_modules\\@rolldown\\binding-win32-arm64-msvc'
1842 silly reify ]
1843 verbose reify failed optional dependency D:\practice\.sites-runtime\npm-cache\_npx\69f9afb961c37556\node_modules\@rolldown\binding-wasm32-wasi
1844 silly reify mark deleted [
1844 silly reify   'D:\\practice\\.sites-runtime\\npm-cache\\_npx\\69f9afb961c37556\\node_modules\\@rolldown\\binding-wasm32-wasi'
1844 silly reify ]
1845 verbose reify failed optional dependency D:\practice\.sites-runtime\npm-cache\_npx\69f9afb961c37556\node_modules\@rolldown\binding-openharmony-arm64
1846 silly reify mark deleted [
1846 silly reify   'D:\\practice\\.sites-runtime\\npm-cache\\_npx\\69f9afb961c37556\\node_modules\\@rolldown\\binding-openharmony-arm64'
1846 silly reify ]
1847 verbose reify failed optional dependency D:\practice\.sites-runtime\npm-cache\_npx\69f9afb961c37556\node_modules\@rolldown\binding-linux-x64-musl
1848 silly reify mark deleted [
1848 silly reify   'D:\\practice\\.sites-runtime\\npm-cache\\_npx\\69f9afb961c37556\\node_modules\\@rolldown\\binding-linux-x64-musl'
1848 silly reify ]
1849 verbose reify failed optional dependency D:\practice\.sites-runtime\npm-cache\_npx\69f9afb961c37556\node_modules\@rolldown\binding-linux-x64-gnu
1850 silly reify mark deleted [
1850 silly reify   'D:\\practice\\.sites-runtime\\npm-cache\\_npx\\69f9afb961c37556\\node_modules\\@rolldown\\binding-linux-x64-gnu'
1850 silly reify ]
1851 verbose reify failed optional dependency D:\practice\.sites-runtime\npm-cache\_npx\69f9afb961c37556\node_modules\@rolldown\binding-linux-arm64-musl
1852 silly reify mark deleted [
1852 silly reify   'D:\\practice\\.sites-runtime\\npm-cache\\_npx\\69f9afb961c37556\\node_modules\\@rolldown\\binding-linux-arm64-musl'
1852 silly reify ]
1853 verbose reify failed optional dependency D:\practice\.sites-runtime\npm-cache\_npx\69f9afb961c37556\node_modules\@rolldown\binding-linux-arm64-gnu
1854 silly reify mark deleted [
1854 silly reify   'D:\\practice\\.sites-runtime\\npm-cache\\_npx\\69f9afb961c37556\\node_modules\\@rolldown\\binding-linux-arm64-gnu'
1854 silly reify ]
1855 verbose reify failed optional dependency D:\practice\.sites-runtime\npm-cache\_npx\69f9afb961c37556\node_modules\@rolldown\binding-linux-arm-gnueabihf
1856 silly reify mark deleted [
1856 silly reify   'D:\\practice\\.sites-runtime\\npm-cache\\_npx\\69f9afb961c37556\\node_modules\\@rolldown\\binding-linux-arm-gnueabihf'
1856 silly reify ]
1857 verbose reify failed optional dependency D:\practice\.sites-runtime\npm-cache\_npx\69f9afb961c37556\node_modules\@rolldown\binding-freebsd-x64
1858 silly reify mark deleted [
1858 silly reify   'D:\\practice\\.sites-runtime\\npm-cache\\_npx\\69f9afb961c37556\\node_modules\\@rolldown\\binding-freebsd-x64'
1858 silly reify ]
1859 verbose reify failed optional dependency D:\practice\.sites-runtime\npm-cache\_npx\69f9afb961c37556\node_modules\@rolldown\binding-darwin-x64
1860 silly reify mark deleted [
1860 silly reify   'D:\\practice\\.sites-runtime\\npm-cache\\_npx\\69f9afb961c37556\\node_modules\\@rolldown\\binding-darwin-x64'
1860 silly reify ]
1861 verbose reify failed optional dependency D:\practice\.sites-runtime\npm-cache\_npx\69f9afb961c37556\node_modules\@rolldown\binding-darwin-arm64
1862 silly reify mark deleted [
1862 silly reify   'D:\\practice\\.sites-runtime\\npm-cache\\_npx\\69f9afb961c37556\\node_modules\\@rolldown\\binding-darwin-arm64'
1862 silly reify ]
1863 verbose reify failed optional dependency D:\practice\.sites-runtime\npm-cache\_npx\69f9afb961c37556\node_modules\@rolldown\binding-android-arm64
1864 silly reify mark deleted [
1864 silly reify   'D:\\practice\\.sites-runtime\\npm-cache\\_npx\\69f9afb961c37556\\node_modules\\@rolldown\\binding-android-arm64'
1864 silly reify ]
1865 verbose reify failed optional dependency D:\practice\.sites-runtime\npm-cache\_npx\69f9afb961c37556\node_modules\@oxc-transform\binding-win32-ia32-msvc
1866 silly reify mark deleted [
1866 silly reify   'D:\\practice\\.sites-runtime\\npm-cache\\_npx\\69f9afb961c37556\\node_modules\\@oxc-transform\\binding-win32-ia32-msvc'
1866 silly reify ]
1867 verbose reify failed optional dependency D:\practice\.sites-runtime\npm-cache\_npx\69f9afb961c37556\node_modules\@oxc-transform\binding-win32-arm64-msvc
1868 silly reify mark deleted [
1868 silly reify   'D:\\practice\\.sites-runtime\\npm-cache\\_npx\\69f9afb961c37556\\node_modules\\@oxc-transform\\binding-win32-arm64-msvc'
1868 silly reify ]
1869 verbose reify failed optional dependency D:\practice\.sites-runtime\npm-cache\_npx\69f9afb961c37556\node_modules\@oxc-transform\binding-wasm32-wasi
1870 silly reify mark deleted [
1870 silly reify   'D:\\practice\\.sites-runtime\\npm-cache\\_npx\\69f9afb961c37556\\node_modules\\@oxc-transform\\binding-wasm32-wasi'
1870 silly reify ]
1871 verbose reify failed optional dependency D:\practice\.sites-runtime\npm-cache\_npx\69f9afb961c37556\node_modules\@oxc-transform\binding-openharmony-arm64
1872 silly reify mark deleted [
1872 silly reify   'D:\\practice\\.sites-runtime\\npm-cache\\_npx\\69f9afb961c37556\\node_modules\\@oxc-transform\\binding-openharmony-arm64'
1872 silly reify ]
1873 verbose reify failed optional dependency D:\practice\.sites-runtime\npm-cache\_npx\69f9afb961c37556\node_modules\@oxc-transform\binding-linux-x64-musl
1874 silly reify mark deleted [
1874 silly reify   'D:\\practice\\.sites-runtime\\npm-cache\\_npx\\69f9afb961c37556\\node_modules\\@oxc-transform\\binding-linux-x64-musl'
1874 silly reify ]
1875 verbose reify failed optional dependency D:\practice\.sites-runtime\npm-cache\_npx\69f9afb961c37556\node_modules\@oxc-transform\binding-linux-x64-gnu
1876 silly reify mark deleted [
1876 silly reify   'D:\\practice\\.sites-runtime\\npm-cache\\_npx\\69f9afb961c37556\\node_modules\\@oxc-transform\\binding-linux-x64-gnu'
1876 silly reify ]
1877 verbose reify failed optional dependency D:\practice\.sites-runtime\npm-cache\_npx\69f9afb961c37556\node_modules\@oxc-transform\binding-linux-s390x-gnu
1878 silly reify mark deleted [
1878 silly reify   'D:\\practice\\.sites-runtime\\npm-cache\\_npx\\69f9afb961c37556\\node_modules\\@oxc-transform\\binding-linux-s390x-gnu'
1878 silly reify ]
1879 verbose reify failed optional dependency D:\practice\.sites-runtime\npm-cache\_npx\69f9afb961c37556\node_modules\@oxc-transform\binding-linux-riscv64-musl
1880 silly reify mark deleted [
1880 silly reify   'D:\\practice\\.sites-runtime\\npm-cache\\_npx\\69f9afb961c37556\\node_modules\\@oxc-transform\\binding-linux-riscv64-musl'
1880 silly reify ]
1881 verbose reify failed optional dependency D:\practice\.sites-runtime\npm-cache\_npx\69f9afb961c37556\node_modules\@oxc-transform\binding-linux-riscv64-gnu
1882 silly reify mark deleted [
1882 silly reify   'D:\\practice\\.sites-runtime\\npm-cache\\_npx\\69f9afb961c37556\\node_modules\\@oxc-transform\\binding-linux-riscv64-gnu'
1882 silly reify ]
1883 verbose reify failed optional dependency D:\practice\.sites-runtime\npm-cache\_npx\69f9afb961c37556\node_modules\@oxc-transform\binding-linux-ppc64-gnu
1884 silly reify mark deleted [
1884 silly reify   'D:\\practice\\.sites-runtime\\npm-cache\\_npx\\69f9afb961c37556\\node_modules\\@oxc-transform\\binding-linux-ppc64-gnu'
1884 silly reify ]
1885 verbose reify failed optional dependency D:\practice\.sites-runtime\npm-cache\_npx\69f9afb961c37556\node_modules\@oxc-transform\binding-linux-arm64-musl
1886 silly reify mark deleted [
1886 silly reify   'D:\\practice\\.sites-runtime\\npm-cache\\_npx\\69f9afb961c37556\\node_modules\\@oxc-transform\\binding-linux-arm64-musl'
1886 silly reify ]
1887 verbose reify failed optional dependency D:\practice\.sites-runtime\npm-cache\_npx\69f9afb961c37556\node_modules\@oxc-transform\binding-linux-arm64-gnu
1888 silly reify mark deleted [
1888 silly reify   'D:\\practice\\.sites-runtime\\npm-cache\\_npx\\69f9afb961c37556\\node_modules\\@oxc-transform\\binding-linux-arm64-gnu'
1888 silly reify ]
1889 verbose reify failed optional dependency D:\practice\.sites-runtime\npm-cache\_npx\69f9afb961c37556\node_modules\@oxc-transform\binding-linux-arm-musleabihf
1890 silly reify mark deleted [
1890 silly reify   'D:\\practice\\.sites-runtime\\npm-cache\\_npx\\69f9afb961c37556\\node_modules\\@oxc-transform\\binding-linux-arm-musleabihf'
1890 silly reify ]
1891 verbose reify failed optional dependency D:\practice\.sites-runtime\npm-cache\_npx\69f9afb961c37556\node_modules\@oxc-transform\binding-linux-arm-gnueabihf
1892 silly reify mark deleted [
1892 silly reify   'D:\\practice\\.sites-runtime\\npm-cache\\_npx\\69f9afb961c37556\\node_modules\\@oxc-transform\\binding-linux-arm-gnueabihf'
1892 silly reify ]
1893 verbose reify failed optional dependency D:\practice\.sites-runtime\npm-cache\_npx\69f9afb961c37556\node_modules\@oxc-transform\binding-freebsd-x64
1894 silly reify mark deleted [
1894 silly reify   'D:\\practice\\.sites-runtime\\npm-cache\\_npx\\69f9afb961c37556\\node_modules\\@oxc-transform\\binding-freebsd-x64'
1894 silly reify ]
1895 verbose reify failed optional dependency D:\practice\.sites-runtime\npm-cache\_npx\69f9afb961c37556\node_modules\@oxc-transform\binding-darwin-x64
1896 silly reify mark deleted [
1896 silly reify   'D:\\practice\\.sites-runtime\\npm-cache\\_npx\\69f9afb961c37556\\node_modules\\@oxc-transform\\binding-darwin-x64'
1896 silly reify ]
1897 verbose reify failed optional dependency D:\practice\.sites-runtime\npm-cache\_npx\69f9afb961c37556\node_modules\@oxc-transform\binding-darwin-arm64
1898 silly reify mark deleted [
1898 silly reify   'D:\\practice\\.sites-runtime\\npm-cache\\_npx\\69f9afb961c37556\\node_modules\\@oxc-transform\\binding-darwin-arm64'
1898 silly reify ]
1899 verbose reify failed optional dependency D:\practice\.sites-runtime\npm-cache\_npx\69f9afb961c37556\node_modules\@oxc-transform\binding-android-arm64
1900 silly reify mark deleted [
1900 silly reify   'D:\\practice\\.sites-runtime\\npm-cache\\_npx\\69f9afb961c37556\\node_modules\\@oxc-transform\\binding-android-arm64'
1900 silly reify ]
1901 verbose reify failed optional dependency D:\practice\.sites-runtime\npm-cache\_npx\69f9afb961c37556\node_modules\@oxc-transform\binding-android-arm-eabi
1902 silly reify mark deleted [
1902 silly reify   'D:\\practice\\.sites-runtime\\npm-cache\\_npx\\69f9afb961c37556\\node_modules\\@oxc-transform\\binding-android-arm-eabi'
1902 silly reify ]
1903 verbose reify failed optional dependency D:\practice\.sites-runtime\npm-cache\_npx\69f9afb961c37556\node_modules\@esbuild\win32-ia32
1904 silly reify mark deleted [
1904 silly reify   'D:\\practice\\.sites-runtime\\npm-cache\\_npx\\69f9afb961c37556\\node_modules\\@esbuild\\win32-ia32'
1904 silly reify ]
1905 verbose reify failed optional dependency D:\practice\.sites-runtime\npm-cache\_npx\69f9afb961c37556\node_modules\@esbuild\win32-arm64
1906 silly reify mark deleted [
1906 silly reify   'D:\\practice\\.sites-runtime\\npm-cache\\_npx\\69f9afb961c37556\\node_modules\\@esbuild\\win32-arm64'
1906 silly reify ]
1907 verbose reify failed optional dependency D:\practice\.sites-runtime\npm-cache\_npx\69f9afb961c37556\node_modules\@esbuild\sunos-x64
1908 silly reify mark deleted [
1908 silly reify   'D:\\practice\\.sites-runtime\\npm-cache\\_npx\\69f9afb961c37556\\node_modules\\@esbuild\\sunos-x64'
1908 silly reify ]
1909 verbose reify failed optional dependency D:\practice\.sites-runtime\npm-cache\_npx\69f9afb961c37556\node_modules\@esbuild\openharmony-arm64
1910 silly reify mark deleted [
1910 silly reify   'D:\\practice\\.sites-runtime\\npm-cache\\_npx\\69f9afb961c37556\\node_modules\\@esbuild\\openharmony-arm64'
1910 silly reify ]
1911 verbose reify failed optional dependency D:\practice\.sites-runtime\npm-cache\_npx\69f9afb961c37556\node_modules\@esbuild\openbsd-x64
1912 silly reify mark deleted [
1912 silly reify   'D:\\practice\\.sites-runtime\\npm-cache\\_npx\\69f9afb961c37556\\node_modules\\@esbuild\\openbsd-x64'
1912 silly reify ]
1913 verbose reify failed optional dependency D:\practice\.sites-runtime\npm-cache\_npx\69f9afb961c37556\node_modules\@esbuild\openbsd-arm64
1914 silly reify mark deleted [
1914 silly reify   'D:\\practice\\.sites-runtime\\npm-cache\\_npx\\69f9afb961c37556\\node_modules\\@esbuild\\openbsd-arm64'
1914 silly reify ]
1915 verbose reify failed optional dependency D:\practice\.sites-runtime\npm-cache\_npx\69f9afb961c37556\node_modules\@esbuild\netbsd-x64
1916 silly reify mark deleted [
1916 silly reify   'D:\\practice\\.sites-runtime\\npm-cache\\_npx\\69f9afb961c37556\\node_modules\\@esbuild\\netbsd-x64'
1916 silly reify ]
1917 verbose reify failed optional dependency D:\practice\.sites-runtime\npm-cache\_npx\69f9afb961c37556\node_modules\@esbuild\netbsd-arm64
1918 silly reify mark deleted [
1918 silly reify   'D:\\practice\\.sites-runtime\\npm-cache\\_npx\\69f9afb961c37556\\node_modules\\@esbuild\\netbsd-arm64'
1918 silly reify ]
1919 verbose reify failed optional dependency D:\practice\.sites-runtime\npm-cache\_npx\69f9afb961c37556\node_modules\@esbuild\linux-x64
1920 silly reify mark deleted [
1920 silly reify   'D:\\practice\\.sites-runtime\\npm-cache\\_npx\\69f9afb961c37556\\node_modules\\@esbuild\\linux-x64'
1920 silly reify ]
1921 verbose reify failed optional dependency D:\practice\.sites-runtime\npm-cache\_npx\69f9afb961c37556\node_modules\@esbuild\linux-s390x
1922 silly reify mark deleted [
1922 silly reify   'D:\\practice\\.sites-runtime\\npm-cache\\_npx\\69f9afb961c37556\\node_modules\\@esbuild\\linux-s390x'
1922 silly reify ]
1923 verbose reify failed optional dependency D:\practice\.sites-runtime\npm-cache\_npx\69f9afb961c37556\node_modules\@esbuild\linux-riscv64
1924 silly reify mark deleted [
1924 silly reify   'D:\\practice\\.sites-runtime\\npm-cache\\_npx\\69f9afb961c37556\\node_modules\\@esbuild\\linux-riscv64'
1924 silly reify ]
1925 verbose reify failed optional dependency D:\practice\.sites-runtime\npm-cache\_npx\69f9afb961c37556\node_modules\@esbuild\linux-ppc64
1926 silly reify mark deleted [
1926 silly reify   'D:\\practice\\.sites-runtime\\npm-cache\\_npx\\69f9afb961c37556\\node_modules\\@esbuild\\linux-ppc64'
1926 silly reify ]
1927 verbose reify failed optional dependency D:\practice\.sites-runtime\npm-cache\_npx\69f9afb961c37556\node_modules\@esbuild\linux-mips64el
1928 silly reify mark deleted [
1928 silly reify   'D:\\practice\\.sites-runtime\\npm-cache\\_npx\\69f9afb961c37556\\node_modules\\@esbuild\\linux-mips64el'
1928 silly reify ]
1929 verbose reify failed optional dependency D:\practice\.sites-runtime\npm-cache\_npx\69f9afb961c37556\node_modules\@esbuild\linux-loong64
1930 silly reify mark deleted [
1930 silly reify   'D:\\practice\\.sites-runtime\\npm-cache\\_npx\\69f9afb961c37556\\node_modules\\@esbuild\\linux-loong64'
1930 silly reify ]
1931 verbose reify failed optional dependency D:\practice\.sites-runtime\npm-cache\_npx\69f9afb961c37556\node_modules\@esbuild\linux-ia32
1932 silly reify mark deleted [
1932 silly reify   'D:\\practice\\.sites-runtime\\npm-cache\\_npx\\69f9afb961c37556\\node_modules\\@esbuild\\linux-ia32'
1932 silly reify ]
1933 verbose reify failed optional dependency D:\practice\.sites-runtime\npm-cache\_npx\69f9afb961c37556\node_modules\@esbuild\linux-arm64
1934 silly reify mark deleted [
1934 silly reify   'D:\\practice\\.sites-runtime\\npm-cache\\_npx\\69f9afb961c37556\\node_modules\\@esbuild\\linux-arm64'
1934 silly reify ]
1935 verbose reify failed optional dependency D:\practice\.sites-runtime\npm-cache\_npx\69f9afb961c37556\node_modules\@esbuild\linux-arm
1936 silly reify mark deleted [
1936 silly reify   'D:\\practice\\.sites-runtime\\npm-cache\\_npx\\69f9afb961c37556\\node_modules\\@esbuild\\linux-arm'
1936 silly reify ]
1937 verbose reify failed optional dependency D:\practice\.sites-runtime\npm-cache\_npx\69f9afb961c37556\node_modules\@esbuild\freebsd-x64
1938 silly reify mark deleted [
1938 silly reify   'D:\\practice\\.sites-runtime\\npm-cache\\_npx\\69f9afb961c37556\\node_modules\\@esbuild\\freebsd-x64'
1938 silly reify ]
1939 verbose reify failed optional dependency D:\practice\.sites-runtime\npm-cache\_npx\69f9afb961c37556\node_modules\@esbuild\freebsd-arm64
1940 silly reify mark deleted [
1940 silly reify   'D:\\practice\\.sites-runtime\\npm-cache\\_npx\\69f9afb961c37556\\node_modules\\@esbuild\\freebsd-arm64'
1940 silly reify ]
1941 verbose reify failed optional dependency D:\practice\.sites-runtime\npm-cache\_npx\69f9afb961c37556\node_modules\@esbuild\darwin-x64
1942 silly reify mark deleted [
1942 silly reify   'D:\\practice\\.sites-runtime\\npm-cache\\_npx\\69f9afb961c37556\\node_modules\\@esbuild\\darwin-x64'
1942 silly reify ]
1943 verbose reify failed optional dependency D:\practice\.sites-runtime\npm-cache\_npx\69f9afb961c37556\node_modules\@esbuild\darwin-arm64
1944 silly reify mark deleted [
1944 silly reify   'D:\\practice\\.sites-runtime\\npm-cache\\_npx\\69f9afb961c37556\\node_modules\\@esbuild\\darwin-arm64'
1944 silly reify ]
1945 verbose reify failed optional dependency D:\practice\.sites-runtime\npm-cache\_npx\69f9afb961c37556\node_modules\@esbuild\android-x64
1946 silly reify mark deleted [
1946 silly reify   'D:\\practice\\.sites-runtime\\npm-cache\\_npx\\69f9afb961c37556\\node_modules\\@esbuild\\android-x64'
1946 silly reify ]
1947 verbose reify failed optional dependency D:\practice\.sites-runtime\npm-cache\_npx\69f9afb961c37556\node_modules\@esbuild\android-arm64
1948 silly reify mark deleted [
1948 silly reify   'D:\\practice\\.sites-runtime\\npm-cache\\_npx\\69f9afb961c37556\\node_modules\\@esbuild\\android-arm64'
1948 silly reify ]
1949 verbose reify failed optional dependency D:\practice\.sites-runtime\npm-cache\_npx\69f9afb961c37556\node_modules\@esbuild\android-arm
1950 silly reify mark deleted [
1950 silly reify   'D:\\practice\\.sites-runtime\\npm-cache\\_npx\\69f9afb961c37556\\node_modules\\@esbuild\\android-arm'
1950 silly reify ]
1951 verbose reify failed optional dependency D:\practice\.sites-runtime\npm-cache\_npx\69f9afb961c37556\node_modules\@esbuild\aix-ppc64
1952 silly reify mark deleted [
1952 silly reify   'D:\\practice\\.sites-runtime\\npm-cache\\_npx\\69f9afb961c37556\\node_modules\\@esbuild\\aix-ppc64'
1952 silly reify ]
1953 verbose reify failed optional dependency D:\practice\.sites-runtime\npm-cache\_npx\69f9afb961c37556\node_modules\@napi-rs\keyring-win32-ia32-msvc
1954 silly reify mark deleted [
1954 silly reify   'D:\\practice\\.sites-runtime\\npm-cache\\_npx\\69f9afb961c37556\\node_modules\\@napi-rs\\keyring-win32-ia32-msvc'
1954 silly reify ]
1955 verbose reify failed optional dependency D:\practice\.sites-runtime\npm-cache\_npx\69f9afb961c37556\node_modules\@napi-rs\keyring-win32-arm64-msvc
1956 silly reify mark deleted [
1956 silly reify   'D:\\practice\\.sites-runtime\\npm-cache\\_npx\\69f9afb961c37556\\node_modules\\@napi-rs\\keyring-win32-arm64-msvc'
1956 silly reify ]
1957 verbose reify failed optional dependency D:\practice\.sites-runtime\npm-cache\_npx\69f9afb961c37556\node_modules\@napi-rs\keyring-linux-x64-musl
1958 silly reify mark deleted [
1958 silly reify   'D:\\practice\\.sites-runtime\\npm-cache\\_npx\\69f9afb961c37556\\node_modules\\@napi-rs\\keyring-linux-x64-musl'
1958 silly reify ]
1959 verbose reify failed optional dependency D:\practice\.sites-runtime\npm-cache\_npx\69f9afb961c37556\node_modules\@napi-rs\keyring-linux-x64-gnu
1960 silly reify mark deleted [
1960 silly reify   'D:\\practice\\.sites-runtime\\npm-cache\\_npx\\69f9afb961c37556\\node_modules\\@napi-rs\\keyring-linux-x64-gnu'
1960 silly reify ]
1961 verbose reify failed optional dependency D:\practice\.sites-runtime\npm-cache\_npx\69f9afb961c37556\node_modules\@napi-rs\keyring-linux-riscv64-gnu
1962 silly reify mark deleted [
1962 silly reify   'D:\\practice\\.sites-runtime\\npm-cache\\_npx\\69f9afb961c37556\\node_modules\\@napi-rs\\keyring-linux-riscv64-gnu'
1962 silly reify ]
1963 verbose reify failed optional dependency D:\practice\.sites-runtime\npm-cache\_npx\69f9afb961c37556\node_modules\@napi-rs\keyring-linux-arm64-musl
1964 silly reify mark deleted [
1964 silly reify   'D:\\practice\\.sites-runtime\\npm-cache\\_npx\\69f9afb961c37556\\node_modules\\@napi-rs\\keyring-linux-arm64-musl'
1964 silly reify ]
1965 verbose reify failed optional dependency D:\practice\.sites-runtime\npm-cache\_npx\69f9afb961c37556\node_modules\@napi-rs\keyring-linux-arm64-gnu
1966 silly reify mark deleted [
1966 silly reify   'D:\\practice\\.sites-runtime\\npm-cache\\_npx\\69f9afb961c37556\\node_modules\\@napi-rs\\keyring-linux-arm64-gnu'
1966 silly reify ]
1967 verbose reify failed optional dependency D:\practice\.sites-runtime\npm-cache\_npx\69f9afb961c37556\node_modules\@napi-rs\keyring-linux-arm-gnueabihf
1968 silly reify mark deleted [
1968 silly reify   'D:\\practice\\.sites-runtime\\npm-cache\\_npx\\69f9afb961c37556\\node_modules\\@napi-rs\\keyring-linux-arm-gnueabihf'
1968 silly reify ]
1969 verbose reify failed optional dependency D:\practice\.sites-runtime\npm-cache\_npx\69f9afb961c37556\node_modules\@napi-rs\keyring-freebsd-x64
1970 silly reify mark deleted [
1970 silly reify   'D:\\practice\\.sites-runtime\\npm-cache\\_npx\\69f9afb961c37556\\node_modules\\@napi-rs\\keyring-freebsd-x64'
1970 silly reify ]
1971 verbose reify failed optional dependency D:\practice\.sites-runtime\npm-cache\_npx\69f9afb961c37556\node_modules\@napi-rs\keyring-darwin-x64
1972 silly reify mark deleted [
1972 silly reify   'D:\\practice\\.sites-runtime\\npm-cache\\_npx\\69f9afb961c37556\\node_modules\\@napi-rs\\keyring-darwin-x64'
1972 silly reify ]
1973 verbose reify failed optional dependency D:\practice\.sites-runtime\npm-cache\_npx\69f9afb961c37556\node_modules\@napi-rs\keyring-darwin-arm64
1974 silly reify mark deleted [
1974 silly reify   'D:\\practice\\.sites-runtime\\npm-cache\\_npx\\69f9afb961c37556\\node_modules\\@napi-rs\\keyring-darwin-arm64'
1974 silly reify ]
1975 http cache brace-expansion@https://registry.npmjs.org/brace-expansion/-/brace-expansion-1.1.18.tgz 0ms (cache hit)
1976 http cache concat-map@https://registry.npmjs.org/concat-map/-/concat-map-0.0.1.tgz 0ms (cache hit)
1977 http cache balanced-match@https://registry.npmjs.org/balanced-match/-/balanced-match-1.0.2.tgz 0ms (cache hit)
1978 http cache pend@https://registry.npmjs.org/pend/-/pend-1.2.0.tgz 0ms (cache hit)
1979 http cache events-intercept@https://registry.npmjs.org/events-intercept/-/events-intercept-2.0.0.tgz 0ms (cache hit)
1980 http cache buffer-crc32@https://registry.npmjs.org/buffer-crc32/-/buffer-crc32-0.2.13.tgz 0ms (cache hit)
1981 http cache os-paths@https://registry.npmjs.org/os-paths/-/os-paths-4.4.0.tgz 0ms (cache hit)
1982 http cache yauzl@https://registry.npmjs.org/yauzl/-/yauzl-2.10.0.tgz 0ms (cache hit)
1983 http cache isexe@https://registry.npmjs.org/isexe/-/isexe-2.0.0.tgz 0ms (cache hit)
1984 http cache xdg-portable@https://registry.npmjs.org/xdg-portable/-/xdg-portable-7.3.0.tgz 0ms (cache hit)
1985 http cache webidl-conversions@https://registry.npmjs.org/webidl-conversions/-/webidl-conversions-3.0.1.tgz 0ms (cache hit)
1986 http cache yauzl-clone@https://registry.npmjs.org/yauzl-clone/-/yauzl-clone-1.0.4.tgz 0ms (cache hit)
1987 http cache fd-slicer@https://registry.npmjs.org/fd-slicer/-/fd-slicer-1.1.0.tgz 0ms (cache hit)
1988 http cache tr46@https://registry.npmjs.org/tr46/-/tr46-0.0.3.tgz 0ms (cache hit)
1989 http cache resolve-pkg-maps@https://registry.npmjs.org/resolve-pkg-maps/-/resolve-pkg-maps-1.0.0.tgz 0ms (cache hit)
1990 http cache @fastify/busboy@https://registry.npmjs.org/@fastify/busboy/-/busboy-2.1.1.tgz 0ms (cache hit)
1991 http cache punycode@https://registry.npmjs.org/punycode/-/punycode-2.3.1.tgz 0ms (cache hit)
1992 http cache is-number@https://registry.npmjs.org/is-number/-/is-number-7.0.0.tgz 0ms (cache hit)
1993 http cache get-tsconfig@https://registry.npmjs.org/get-tsconfig/-/get-tsconfig-4.14.1.tgz 0ms (cache hit)
1994 http cache is-extglob@https://registry.npmjs.org/is-extglob/-/is-extglob-2.1.1.tgz 0ms (cache hit)
1995 http cache is-glob@https://registry.npmjs.org/is-glob/-/is-glob-4.0.3.tgz 0ms (cache hit)
1996 http cache queue-microtask@https://registry.npmjs.org/queue-microtask/-/queue-microtask-1.2.3.tgz 0ms (cache hit)
1997 http cache to-regex-range@https://registry.npmjs.org/to-regex-range/-/to-regex-range-5.0.1.tgz 0ms (cache hit)
1998 http cache run-parallel@https://registry.npmjs.org/run-parallel/-/run-parallel-1.2.0.tgz 0ms (cache hit)
1999 http cache reusify@https://registry.npmjs.org/reusify/-/reusify-1.1.0.tgz 0ms (cache hit)
2000 http cache @nodelib/fs.scandir@https://registry.npmjs.org/@nodelib/fs.scandir/-/fs.scandir-2.1.5.tgz 0ms (cache hit)
2001 http cache braces@https://registry.npmjs.org/braces/-/braces-3.0.3.tgz 0ms (cache hit)
2002 http cache fastq@https://registry.npmjs.org/fastq/-/fastq-1.20.1.tgz 0ms (cache hit)
2003 http cache fill-range@https://registry.npmjs.org/fill-range/-/fill-range-7.1.1.tgz 0ms (cache hit)
2004 http cache @nodelib/fs.walk@https://registry.npmjs.org/@nodelib/fs.walk/-/fs.walk-1.2.8.tgz 0ms (cache hit)
2005 http cache merge2@https://registry.npmjs.org/merge2/-/merge2-1.4.1.tgz 0ms (cache hit)
2006 http cache micromatch@https://registry.npmjs.org/micromatch/-/micromatch-4.0.8.tgz 1ms (cache hit)
2007 http cache @nodelib/fs.stat@https://registry.npmjs.org/@nodelib/fs.stat/-/fs.stat-2.0.5.tgz 0ms (cache hit)
2008 http cache glob-parent@https://registry.npmjs.org/glob-parent/-/glob-parent-5.1.2.tgz 0ms (cache hit)
2009 http cache path-browserify@https://registry.npmjs.org/path-browserify/-/path-browserify-1.0.1.tgz 0ms (cache hit)
2010 http cache mkdirp@https://registry.npmjs.org/mkdirp/-/mkdirp-1.0.4.tgz 0ms (cache hit)
2011 http cache @ts-morph/common@https://registry.npmjs.org/@ts-morph/common/-/common-0.11.1.tgz 0ms (cache hit)
2012 http cache fast-glob@https://registry.npmjs.org/fast-glob/-/fast-glob-3.3.3.tgz 0ms (cache hit)
2013 http cache code-block-writer@https://registry.npmjs.org/code-block-writer/-/code-block-writer-10.1.1.tgz 0ms (cache hit)
2014 http cache convert-hrtime@https://registry.npmjs.org/convert-hrtime/-/convert-hrtime-3.0.0.tgz 0ms (cache hit)
2015 http cache streamx@https://registry.npmjs.org/streamx/-/streamx-2.28.0.tgz 0ms (cache hit)
2016 http cache events-universal@https://registry.npmjs.org/events-universal/-/events-universal-1.0.1.tgz 0ms (cache hit)
2017 http cache bare-events@https://registry.npmjs.org/bare-events/-/bare-events-2.9.1.tgz 0ms (cache hit)
2018 http cache text-decoder@https://registry.npmjs.org/text-decoder/-/text-decoder-1.2.7.tgz 0ms (cache hit)
2019 http cache fast-fifo@https://registry.npmjs.org/fast-fifo/-/fast-fifo-1.3.2.tgz 0ms (cache hit)
2020 http cache b4a@https://registry.npmjs.org/b4a/-/b4a-1.8.1.tgz 0ms (cache hit)
2021 http cache chownr@https://registry.npmjs.org/chownr/-/chownr-3.0.0.tgz 0ms (cache hit)
2022 http cache minizlib@https://registry.npmjs.org/minizlib/-/minizlib-3.1.0.tgz 0ms (cache hit)
2023 http cache @isaacs/fs-minipass@https://registry.npmjs.org/@isaacs/fs-minipass/-/fs-minipass-4.0.1.tgz 0ms (cache hit)
2024 http cache yallist@https://registry.npmjs.org/yallist/-/yallist-5.0.0.tgz 0ms (cache hit)
2025 http cache any-promise@https://registry.npmjs.org/any-promise/-/any-promise-1.3.0.tgz 0ms (cache hit)
2026 http cache shebang-regex@https://registry.npmjs.org/shebang-regex/-/shebang-regex-3.0.0.tgz 0ms (cache hit)
2027 http cache tar-stream@https://registry.npmjs.org/tar-stream/-/tar-stream-3.1.7.tgz 0ms (cache hit)
2028 http cache @vercel/oidc@https://registry.npmjs.org/@vercel/oidc/-/oidc-3.2.0.tgz 0ms (cache hit)
2029 http cache stream-to-array@https://registry.npmjs.org/stream-to-array/-/stream-to-array-2.3.0.tgz 0ms (cache hit)
2030 http cache jsonlines@https://registry.npmjs.org/jsonlines/-/jsonlines-0.1.1.tgz 0ms (cache hit)
2031 http cache @vercel/sandbox@https://registry.npmjs.org/@vercel/sandbox/-/sandbox-2.4.0.tgz 0ms (cache hit)
2032 http cache ws@https://registry.npmjs.org/ws/-/ws-8.21.1.tgz 0ms (cache hit)
2033 http cache @rolldown/pluginutils@https://registry.npmjs.org/@rolldown/pluginutils/-/pluginutils-1.0.0-rc.1.tgz 0ms (cache hit)
2034 http cache @oxc-project/types@https://registry.npmjs.org/@oxc-project/types/-/types-0.110.0.tgz 0ms (cache hit)
2035 http cache @rolldown/binding-win32-x64-msvc@https://registry.npmjs.org/@rolldown/binding-win32-x64-msvc/-/binding-win32-x64-msvc-1.0.0-rc.1.tgz 0ms (cache hit)
2036 http cache @workflow/serde@https://registry.npmjs.org/@workflow/serde/-/serde-4.1.0-beta.2.tgz 0ms (cache hit)
2037 http cache toidentifier@https://registry.npmjs.org/toidentifier/-/toidentifier-1.0.0.tgz 0ms (cache hit)
2038 http cache statuses@https://registry.npmjs.org/statuses/-/statuses-1.5.0.tgz 0ms (cache hit)
2039 http cache safer-buffer@https://registry.npmjs.org/safer-buffer/-/safer-buffer-2.1.2.tgz 0ms (cache hit)
2040 http cache setprototypeof@https://registry.npmjs.org/setprototypeof/-/setprototypeof-1.1.1.tgz 0ms (cache hit)
2041 http cache unpipe@https://registry.npmjs.org/unpipe/-/unpipe-1.0.0.tgz 0ms (cache hit)
2042 http cache inherits@https://registry.npmjs.org/inherits/-/inherits-2.0.4.tgz 0ms (cache hit)
2043 http cache http-errors@https://registry.npmjs.org/http-errors/-/http-errors-1.7.3.tgz 0ms (cache hit)
2044 http cache depd@https://registry.npmjs.org/depd/-/depd-1.1.2.tgz 0ms (cache hit)
2045 http cache once@https://registry.npmjs.org/once/-/once-1.4.0.tgz 0ms (cache hit)
2046 http cache iconv-lite@https://registry.npmjs.org/iconv-lite/-/iconv-lite-0.4.24.tgz 0ms (cache hit)
2047 http cache @tybys/wasm-util@https://registry.npmjs.org/@tybys/wasm-util/-/wasm-util-0.10.3.tgz 0ms (cache hit)
2048 http cache lru-cache@https://registry.npmjs.org/lru-cache/-/lru-cache-11.5.2.tgz 0ms (cache hit)
2049 http cache bytes@https://registry.npmjs.org/bytes/-/bytes-3.1.0.tgz 0ms (cache hit)
2050 http cache end-of-stream@https://registry.npmjs.org/end-of-stream/-/end-of-stream-1.4.5.tgz 0ms (cache hit)
2051 http cache parse-ms@https://registry.npmjs.org/parse-ms/-/parse-ms-2.1.0.tgz 0ms (cache hit)
2052 http cache @emnapi/wasi-threads@https://registry.npmjs.org/@emnapi/wasi-threads/-/wasi-threads-1.2.3.tgz 0ms (cache hit)
2053 http cache tslib@https://registry.npmjs.org/tslib/-/tslib-2.8.1.tgz 0ms (cache hit)
2054 http cache @emnapi/runtime@https://registry.npmjs.org/@emnapi/runtime/-/runtime-1.11.3.tgz 0ms (cache hit)
2055 http cache is-docker@https://registry.npmjs.org/is-docker/-/is-docker-2.2.1.tgz 0ms (cache hit)
2056 http cache @napi-rs/wasm-runtime@https://registry.npmjs.org/@napi-rs/wasm-runtime/-/wasm-runtime-1.2.2.tgz 0ms (cache hit)
2057 http cache @emnapi/core@https://registry.npmjs.org/@emnapi/core/-/core-1.11.3.tgz 0ms (cache hit)
2058 http cache define-lazy-prop@https://registry.npmjs.org/define-lazy-prop/-/define-lazy-prop-2.0.0.tgz 0ms (cache hit)
2059 http cache mimic-fn@https://registry.npmjs.org/mimic-fn/-/mimic-fn-2.1.0.tgz 0ms (cache hit)
2060 http cache abbrev@https://registry.npmjs.org/abbrev/-/abbrev-3.0.1.tgz 0ms (cache hit)
2061 http cache wrappy@https://registry.npmjs.org/wrappy/-/wrappy-1.0.2.tgz 0ms (cache hit)
2062 http cache is-wsl@https://registry.npmjs.org/is-wsl/-/is-wsl-2.2.0.tgz 0ms (cache hit)
2063 http cache @oxc-transform/binding-win32-x64-msvc@https://registry.npmjs.org/@oxc-transform/binding-win32-x64-msvc/-/binding-win32-x64-msvc-0.111.0.tgz 0ms (cache hit)
2064 http cache mime-db@https://registry.npmjs.org/mime-db/-/mime-db-1.52.0.tgz 0ms (cache hit)
2065 http cache @isaacs/balanced-match@https://registry.npmjs.org/@isaacs/balanced-match/-/balanced-match-4.0.1.tgz 0ms (cache hit)
2066 http cache whatwg-url@https://registry.npmjs.org/whatwg-url/-/whatwg-url-5.0.0.tgz 1ms (cache hit)
2067 http cache raw-body@https://registry.npmjs.org/raw-body/-/raw-body-2.4.1.tgz 0ms (cache hit)
2068 http cache @isaacs/brace-expansion@https://registry.npmjs.org/@isaacs/brace-expansion/-/brace-expansion-5.0.1.tgz 0ms (cache hit)
2069 http cache content-type@https://registry.npmjs.org/content-type/-/content-type-1.0.4.tgz 0ms (cache hit)
2070 http cache ts-toolbelt@https://registry.npmjs.org/ts-toolbelt/-/ts-toolbelt-6.15.5.tgz 0ms (cache hit)
2071 http cache @types/json-schema@https://registry.npmjs.org/@types/json-schema/-/json-schema-7.0.15.tgz 0ms (cache hit)
2072 http cache argparse@https://registry.npmjs.org/argparse/-/argparse-2.0.1.tgz 0ms (cache hit)
2073 http cache arg@https://registry.npmjs.org/arg/-/arg-4.1.0.tgz 0ms (cache hit)
2074 http cache minipass@https://registry.npmjs.org/minipass/-/minipass-7.1.3.tgz 0ms (cache hit)
2075 http cache pump@https://registry.npmjs.org/pump/-/pump-3.0.4.tgz 0ms (cache hit)
2076 http cache agent-base@https://registry.npmjs.org/agent-base/-/agent-base-7.1.4.tgz 0ms (cache hit)
2077 http cache universalify@https://registry.npmjs.org/universalify/-/universalify-2.0.1.tgz 0ms (cache hit)
2078 http cache jsonfile@https://registry.npmjs.org/jsonfile/-/jsonfile-6.2.1.tgz 0ms (cache hit)
2079 http cache path-scurry@https://registry.npmjs.org/path-scurry/-/path-scurry-2.0.2.tgz 0ms (cache hit)
2080 http cache which@https://registry.npmjs.org/which/-/which-2.0.2.tgz 0ms (cache hit)
2081 http cache path-key@https://registry.npmjs.org/path-key/-/path-key-3.1.1.tgz 0ms (cache hit)
2082 http cache shebang-command@https://registry.npmjs.org/shebang-command/-/shebang-command-2.0.0.tgz 0ms (cache hit)
2083 http cache strip-final-newline@https://registry.npmjs.org/strip-final-newline/-/strip-final-newline-2.0.0.tgz 0ms (cache hit)
2084 http cache p-finally@https://registry.npmjs.org/p-finally/-/p-finally-2.0.1.tgz 0ms (cache hit)
2085 http cache onetime@https://registry.npmjs.org/onetime/-/onetime-5.1.2.tgz 0ms (cache hit)
2086 http cache merge-stream@https://registry.npmjs.org/merge-stream/-/merge-stream-2.0.0.tgz 0ms (cache hit)
2087 http cache cross-spawn@https://registry.npmjs.org/cross-spawn/-/cross-spawn-7.0.6.tgz 1ms (cache hit)
2088 http cache @esbuild/win32-x64@https://registry.npmjs.org/@esbuild/win32-x64/-/win32-x64-0.27.0.tgz 0ms (cache hit)
2089 http cache time-span@https://registry.npmjs.org/time-span/-/time-span-4.0.0.tgz 0ms (cache hit)
2090 http cache pretty-ms@https://registry.npmjs.org/pretty-ms/-/pretty-ms-7.0.1.tgz 0ms (cache hit)
2091 http cache human-signals@https://registry.npmjs.org/human-signals/-/human-signals-1.1.1.tgz 0ms (cache hit)
2092 http cache signal-exit@https://registry.npmjs.org/signal-exit/-/signal-exit-4.0.2.tgz 0ms (cache hit)
2093 http cache picocolors@https://registry.npmjs.org/picocolors/-/picocolors-1.0.0.tgz 0ms (cache hit)
2094 http cache npm-run-path@https://registry.npmjs.org/npm-run-path/-/npm-run-path-4.0.1.tgz 0ms (cache hit)
2095 http cache mri@https://registry.npmjs.org/mri/-/mri-1.2.0.tgz 0ms (cache hit)
2096 http cache @edge-runtime/ponyfill@https://registry.npmjs.org/@edge-runtime/ponyfill/-/ponyfill-2.4.2.tgz 0ms (cache hit)
2097 http cache readdirp@https://registry.npmjs.org/readdirp/-/readdirp-4.1.2.tgz 0ms (cache hit)
2098 http cache file-uri-to-path@https://registry.npmjs.org/file-uri-to-path/-/file-uri-to-path-1.0.0.tgz 0ms (cache hit)
2099 http cache is-stream@https://registry.npmjs.org/is-stream/-/is-stream-2.0.1.tgz 0ms (cache hit)
2100 http cache uri-js@https://registry.npmjs.org/uri-js/-/uri-js-4.4.1.tgz 0ms (cache hit)
2101 http cache require-from-string@https://registry.npmjs.org/require-from-string/-/require-from-string-2.0.2.tgz 0ms (cache hit)
2102 http cache get-stream@https://registry.npmjs.org/get-stream/-/get-stream-5.2.0.tgz 0ms (cache hit)
2103 http cache json-schema-traverse@https://registry.npmjs.org/json-schema-traverse/-/json-schema-traverse-1.0.0.tgz 0ms (cache hit)
2104 http cache retry@https://registry.npmjs.org/retry/-/retry-0.13.1.tgz 0ms (cache hit)
2105 http cache ajv@https://registry.npmjs.org/ajv/-/ajv-8.6.3.tgz 0ms (cache hit)
2106 http cache fast-deep-equal@https://registry.npmjs.org/fast-deep-equal/-/fast-deep-equal-3.1.3.tgz 0ms (cache hit)
2107 http cache json-schema-to-ts@https://registry.npmjs.org/json-schema-to-ts/-/json-schema-to-ts-1.6.4.tgz 0ms (cache hit)
2108 http cache @edge-runtime/format@https://registry.npmjs.org/@edge-runtime/format/-/format-2.2.1.tgz 0ms (cache hit)
2109 http cache web-vitals@https://registry.npmjs.org/web-vitals/-/web-vitals-0.2.4.tgz 0ms (cache hit)
2110 http cache @renovatebot/pep440@https://registry.npmjs.org/@renovatebot/pep440/-/pep440-4.2.1.tgz 0ms (cache hit)
2111 http cache minimatch@https://registry.npmjs.org/minimatch/-/minimatch-10.1.1.tgz 0ms (cache hit)
2112 http cache @vercel/gatsby-plugin-vercel-builder@https://registry.npmjs.org/@vercel/gatsby-plugin-vercel-builder/-/gatsby-plugin-vercel-builder-2.2.33.tgz 0ms (cache hit)
2113 http cache @sinclair/typebox@https://registry.npmjs.org/@sinclair/typebox/-/typebox-0.25.24.tgz 0ms (cache hit)
2114 http cache js-yaml@https://registry.npmjs.org/js-yaml/-/js-yaml-4.1.1.tgz 0ms (cache hit)
2115 http cache @bytecodealliance/preview2-shim@https://registry.npmjs.org/@bytecodealliance/preview2-shim/-/preview2-shim-0.17.6.tgz 0ms (cache hit)
2116 http cache @vercel/gatsby-plugin-vercel-analytics@https://registry.npmjs.org/@vercel/gatsby-plugin-vercel-analytics/-/gatsby-plugin-vercel-analytics-1.0.11.tgz 0ms (cache hit)
2117 http cache undici-types@https://registry.npmjs.org/undici-types/-/undici-types-5.26.5.tgz 0ms (cache hit)
2118 http cache path-to-regexp-updated@https://registry.npmjs.org/path-to-regexp/-/path-to-regexp-6.3.0.tgz 0ms (cache hit)
2119 http cache typescript@https://registry.npmjs.org/typescript/-/typescript-5.9.3.tgz 0ms (cache hit)
2120 http cache etag@https://registry.npmjs.org/etag/-/etag-1.8.1.tgz 0ms (cache hit)
2121 http cache mime-types@https://registry.npmjs.org/mime-types/-/mime-types-2.1.35.tgz 0ms (cache hit)
2122 http cache edge-runtime@https://registry.npmjs.org/edge-runtime/-/edge-runtime-2.5.9.tgz 0ms (cache hit)
2123 http cache @types/node@https://registry.npmjs.org/@types/node/-/node-20.11.0.tgz 0ms (cache hit)
2124 http cache @types/estree@https://registry.npmjs.org/@types/estree/-/estree-1.0.9.tgz 0ms (cache hit)
2125 http cache @edge-runtime/vm@https://registry.npmjs.org/@edge-runtime/vm/-/vm-3.2.0.tgz 0ms (cache hit)
2126 http cache @edge-runtime/primitives@https://registry.npmjs.org/@edge-runtime/primitives/-/primitives-4.1.0.tgz 0ms (cache hit)
2127 http cache @edge-runtime/node-utils@https://registry.npmjs.org/@edge-runtime/node-utils/-/node-utils-2.3.0.tgz 0ms (cache hit)
2128 http cache detect-libc@https://registry.npmjs.org/detect-libc/-/detect-libc-2.1.2.tgz 0ms (cache hit)
2129 http cache nopt@https://registry.npmjs.org/nopt/-/nopt-8.1.0.tgz 0ms (cache hit)
2130 http cache https-proxy-agent@https://registry.npmjs.org/https-proxy-agent/-/https-proxy-agent-7.0.6.tgz 0ms (cache hit)
2131 http cache resolve-from@https://registry.npmjs.org/resolve-from/-/resolve-from-5.0.0.tgz 0ms (cache hit)
2132 http cache picomatch@https://registry.npmjs.org/picomatch/-/picomatch-4.0.5.tgz 0ms (cache hit)
2133 http cache consola@https://registry.npmjs.org/consola/-/consola-3.4.2.tgz 0ms (cache hit)
2134 http cache bindings@https://registry.npmjs.org/bindings/-/bindings-1.5.0.tgz 0ms (cache hit)
2135 http cache graceful-fs@https://registry.npmjs.org/graceful-fs/-/graceful-fs-4.2.11.tgz 0ms (cache hit)
2136 http cache @vercel/error-utils@https://registry.npmjs.org/@vercel/error-utils/-/error-utils-2.2.0.tgz 0ms (cache hit)
2137 http cache node-gyp-build@https://registry.npmjs.org/node-gyp-build/-/node-gyp-build-4.8.4.tgz 0ms (cache hit)
2138 http cache @rollup/pluginutils@https://registry.npmjs.org/@rollup/pluginutils/-/pluginutils-5.4.0.tgz 0ms (cache hit)
2139 http cache acorn@https://registry.npmjs.org/acorn/-/acorn-8.18.0.tgz 0ms (cache hit)
2140 http cache glob@https://registry.npmjs.org/glob/-/glob-13.0.6.tgz 0ms (cache hit)
2141 http cache estree-walker@https://registry.npmjs.org/estree-walker/-/estree-walker-2.0.2.tgz 0ms (cache hit)
2142 http cache async-sema@https://registry.npmjs.org/async-sema/-/async-sema-3.1.1.tgz 0ms (cache hit)
2143 http cache acorn-import-attributes@https://registry.npmjs.org/acorn-import-attributes/-/acorn-import-attributes-1.9.5.tgz 0ms (cache hit)
2144 http cache yauzl-promise@https://registry.npmjs.org/yauzl-promise/-/yauzl-promise-2.1.3.tgz 0ms (cache hit)
2145 http cache @mapbox/node-pre-gyp@https://registry.npmjs.org/@mapbox/node-pre-gyp/-/node-pre-gyp-2.0.3.tgz 0ms (cache hit)
2146 http cache tree-kill@https://registry.npmjs.org/tree-kill/-/tree-kill-1.2.2.tgz 0ms (cache hit)
2147 http cache tinyexec@https://registry.npmjs.org/tinyexec/-/tinyexec-0.3.2.tgz 0ms (cache hit)
2148 http cache stat-mode@https://registry.npmjs.org/stat-mode/-/stat-mode-0.3.0.tgz 0ms (cache hit)
2149 http cache stream-to-promise@https://registry.npmjs.org/stream-to-promise/-/stream-to-promise-2.2.0.tgz 0ms (cache hit)
2150 http cache uid-promise@https://registry.npmjs.org/uid-promise/-/uid-promise-1.0.0.tgz 0ms (cache hit)
2151 http cache tar@https://registry.npmjs.org/tar/-/tar-7.5.7.tgz 0ms (cache hit)
2152 http cache semver@https://registry.npmjs.org/semver/-/semver-7.5.4.tgz 0ms (cache hit)
2153 http cache promisepipe@https://registry.npmjs.org/promisepipe/-/promisepipe-3.0.0.tgz 0ms (cache hit)
2154 http cache ms@https://registry.npmjs.org/ms/-/ms-2.1.1.tgz 0ms (cache hit)
2155 http cache generic-pool@https://registry.npmjs.org/generic-pool/-/generic-pool-3.4.2.tgz 0ms (cache hit)
2156 http cache node-fetch@https://registry.npmjs.org/node-fetch/-/node-fetch-2.6.7.tgz 0ms (cache hit)
2157 http cache micro@https://registry.npmjs.org/micro/-/micro-9.3.5-canary.3.tgz 0ms (cache hit)
2158 http cache debug@https://registry.npmjs.org/debug/-/debug-4.3.4.tgz 0ms (cache hit)
2159 http cache @tootallnate/once@https://registry.npmjs.org/@tootallnate/once/-/once-2.0.0.tgz 0ms (cache hit)
2160 http cache @vercel/cervel@https://registry.npmjs.org/@vercel/cervel/-/cervel-0.1.38.tgz 0ms (cache hit)
2161 http cache @napi-rs/keyring@https://registry.npmjs.org/@napi-rs/keyring/-/keyring-1.2.0.tgz 0ms (cache hit)
2162 http cache @vercel/python-analysis@https://registry.npmjs.org/@vercel/python-analysis/-/python-analysis-0.12.0.tgz 0ms (cache hit)
2163 http cache xdg-app-paths@https://registry.npmjs.org/xdg-app-paths/-/xdg-app-paths-5.5.1.tgz 0ms (cache hit)
2164 http cache cjs-module-lexer@https://registry.npmjs.org/cjs-module-lexer/-/cjs-module-lexer-1.2.3.tgz 0ms (cache hit)
2165 http cache @napi-rs/keyring-win32-x64-msvc@https://registry.npmjs.org/@napi-rs/keyring-win32-x64-msvc/-/keyring-win32-x64-msvc-1.2.0.tgz 0ms (cache hit)
2166 http cache async-listen@https://registry.npmjs.org/async-listen/-/async-listen-3.0.0.tgz 0ms (cache hit)
2167 http cache open@https://registry.npmjs.org/open/-/open-8.4.0.tgz 0ms (cache hit)
2168 http cache es-module-lexer@https://registry.npmjs.org/es-module-lexer/-/es-module-lexer-1.5.0.tgz 0ms (cache hit)
2169 http cache is-buffer@https://registry.npmjs.org/is-buffer/-/is-buffer-2.0.5.tgz 0ms (cache hit)
2170 http cache throttleit@https://registry.npmjs.org/throttleit/-/throttleit-2.1.0.tgz 0ms (cache hit)
2171 http cache is-node-process@https://registry.npmjs.org/is-node-process/-/is-node-process-1.2.0.tgz 0ms (cache hit)
2172 http cache tsx@https://registry.npmjs.org/tsx/-/tsx-4.21.0.tgz 0ms (cache hit)
2173 http cache ts-morph@https://registry.npmjs.org/ts-morph/-/ts-morph-12.0.0.tgz 0ms (cache hit)
2174 http cache resolve.exports@https://registry.npmjs.org/resolve.exports/-/resolve.exports-2.0.3.tgz 0ms (cache hit)
2175 http cache srvx@https://registry.npmjs.org/srvx/-/srvx-0.11.16.tgz 0ms (cache hit)
2176 http cache path-to-regexp@https://registry.npmjs.org/path-to-regexp/-/path-to-regexp-8.3.0.tgz 0ms (cache hit)
2177 http cache rolldown@https://registry.npmjs.org/rolldown/-/rolldown-1.0.0-rc.1.tgz 0ms (cache hit)
2178 http cache oxc-transform@https://registry.npmjs.org/oxc-transform/-/oxc-transform-0.111.0.tgz 0ms (cache hit)
2179 http cache fs-extra@https://registry.npmjs.org/fs-extra/-/fs-extra-11.1.0.tgz 0ms (cache hit)
2180 http cache @vercel/static-config@https://registry.npmjs.org/@vercel/static-config/-/static-config-3.4.0.tgz 0ms (cache hit)
2181 http cache @vercel/nft@https://registry.npmjs.org/@vercel/nft/-/nft-1.10.0.tgz 0ms (cache hit)
2182 http cache execa@https://registry.npmjs.org/execa/-/execa-3.2.0.tgz 0ms (cache hit)
2183 http cache undici@https://registry.npmjs.org/undici/-/undici-5.29.0.tgz 0ms (cache hit)
2184 http cache zod@https://registry.npmjs.org/zod/-/zod-4.1.11.tgz 0ms (cache hit)
2185 http cache smol-toml@https://registry.npmjs.org/smol-toml/-/smol-toml-1.5.2.tgz 0ms (cache hit)
2186 http cache luxon@https://registry.npmjs.org/luxon/-/luxon-3.7.2.tgz 0ms (cache hit)
2187 http cache sandbox@https://registry.npmjs.org/sandbox/-/sandbox-3.4.0.tgz 0ms (cache hit)
2188 http cache async-retry@https://registry.npmjs.org/async-retry/-/async-retry-1.3.3.tgz 0ms (cache hit)
2189 http cache jose@https://registry.npmjs.org/jose/-/jose-5.9.6.tgz 0ms (cache hit)
2190 http cache jsonc-parser@https://registry.npmjs.org/jsonc-parser/-/jsonc-parser-3.3.1.tgz 0ms (cache hit)
2191 http cache @vercel/static-build@https://registry.npmjs.org/@vercel/static-build/-/static-build-2.11.13.tgz 0ms (cache hit)
2192 http cache chokidar@https://registry.npmjs.org/chokidar/-/chokidar-4.0.0.tgz 0ms (cache hit)
2193 http cache get-port@https://registry.npmjs.org/get-port/-/get-port-5.1.1.tgz 0ms (cache hit)
2194 http cache esbuild@https://registry.npmjs.org/esbuild/-/esbuild-0.27.0.tgz 0ms (cache hit)
2195 http cache @vercel/rust@https://registry.npmjs.org/@vercel/rust/-/rust-1.4.0.tgz 0ms (cache hit)
2196 http cache @vercel/ruby@https://registry.npmjs.org/@vercel/ruby/-/ruby-2.5.1.tgz 0ms (cache hit)
2197 http cache @vercel/python@https://registry.npmjs.org/@vercel/python/-/python-6.54.1.tgz 0ms (cache hit)
2198 http cache @vercel/remix-builder@https://registry.npmjs.org/@vercel/remix-builder/-/remix-builder-5.9.1.tgz 0ms (cache hit)
2199 http cache @vercel/redwood@https://registry.npmjs.org/@vercel/redwood/-/redwood-2.5.0.tgz 0ms (cache hit)
2200 http cache @vercel/node@https://registry.npmjs.org/@vercel/node/-/node-5.9.3.tgz 0ms (cache hit)
2201 http cache @vercel/koa@https://registry.npmjs.org/@vercel/koa/-/koa-0.1.90.tgz 0ms (cache hit)
2202 http cache @vercel/hydrogen@https://registry.npmjs.org/@vercel/hydrogen/-/hydrogen-1.4.0.tgz 0ms (cache hit)
2203 http cache @vercel/prepare-flags-definitions@https://registry.npmjs.org/@vercel/prepare-flags-definitions/-/prepare-flags-definitions-0.3.0.tgz 0ms (cache hit)
2204 http cache @vercel/h3@https://registry.npmjs.org/@vercel/h3/-/h3-0.1.116.tgz 0ms (cache hit)
2205 http cache @vercel/hono@https://registry.npmjs.org/@vercel/hono/-/hono-0.2.110.tgz 0ms (cache hit)
2206 http cache @vercel/fun@https://registry.npmjs.org/@vercel/fun/-/fun-1.3.0.tgz 0ms (cache hit)
2207 http cache @vercel/go@https://registry.npmjs.org/@vercel/go/-/go-3.10.2.tgz 0ms (cache hit)
2208 http cache @vercel/fastify@https://registry.npmjs.org/@vercel/fastify/-/fastify-0.1.110.tgz 0ms (cache hit)
2209 http cache @vercel/nestjs@https://registry.npmjs.org/@vercel/nestjs/-/nestjs-0.2.111.tgz 0ms (cache hit)
2210 http cache @vercel/express@https://registry.npmjs.org/@vercel/express/-/express-0.1.121.tgz 0ms (cache hit)
2211 http cache @vercel/elysia@https://registry.npmjs.org/@vercel/elysia/-/elysia-0.1.107.tgz 0ms (cache hit)
2212 http cache @vercel/container@https://registry.npmjs.org/@vercel/container/-/container-0.1.0.tgz 0ms (cache hit)
2213 http cache @vercel/next@https://registry.npmjs.org/@vercel/next/-/next-4.20.5.tgz 0ms (cache hit)
2214 http cache @vercel/cli-auth@https://registry.npmjs.org/@vercel/cli-auth/-/cli-auth-0.3.1.tgz 0ms (cache hit)
2215 http cache @vercel/cli-config@https://registry.npmjs.org/@vercel/cli-config/-/cli-config-0.2.1.tgz 0ms (cache hit)
2216 http cache vercel@https://registry.npmjs.org/vercel/-/vercel-58.4.4.tgz 0ms (cache hit)
2217 http cache @vercel/blob@https://registry.npmjs.org/@vercel/blob/-/blob-2.4.0.tgz 0ms (cache hit)
2218 http cache @vercel/build-utils@https://registry.npmjs.org/@vercel/build-utils/-/build-utils-13.36.3.tgz 0ms (cache hit)
2219 http cache @vercel/backends@https://registry.npmjs.org/@vercel/backends/-/backends-0.8.30.tgz 0ms (cache hit)
2220 http cache @vercel/detect-agent@https://registry.npmjs.org/@vercel/detect-agent/-/detect-agent-1.2.3.tgz 0ms (cache hit)
2221 http cache minimatch@https://registry.npmjs.org/minimatch/-/minimatch-3.1.5.tgz 0ms (cache hit)
2222 http cache xdg-app-paths@https://registry.npmjs.org/xdg-app-paths/-/xdg-app-paths-5.1.0.tgz 0ms (cache hit)
2223 http cache undici@https://registry.npmjs.org/undici/-/undici-7.29.0.tgz 0ms (cache hit)
2224 http cache picocolors@https://registry.npmjs.org/picocolors/-/picocolors-1.1.1.tgz 0ms (cache hit)
2225 http cache ms@https://registry.npmjs.org/ms/-/ms-2.1.3.tgz 0ms (cache hit)
2226 http cache async-listen@https://registry.npmjs.org/async-listen/-/async-listen-3.0.1.tgz 0ms (cache hit)
2227 http cache jose@https://registry.npmjs.org/jose/-/jose-6.2.3.tgz 0ms (cache hit)
2228 http cache balanced-match@https://registry.npmjs.org/balanced-match/-/balanced-match-4.0.4.tgz 0ms (cache hit)
2229 http cache brace-expansion@https://registry.npmjs.org/brace-expansion/-/brace-expansion-5.0.9.tgz 0ms (cache hit)
2230 http cache once@https://registry.npmjs.org/once/-/once-1.3.3.tgz 0ms (cache hit)
2231 http cache minimatch@https://registry.npmjs.org/minimatch/-/minimatch-10.2.6.tgz 0ms (cache hit)
2232 http cache lru-cache@https://registry.npmjs.org/lru-cache/-/lru-cache-6.0.0.tgz 0ms (cache hit)
2233 http cache yallist@https://registry.npmjs.org/yallist/-/yallist-4.0.0.tgz 0ms (cache hit)
2234 http cache ms@https://registry.npmjs.org/ms/-/ms-2.1.2.tgz 0ms (cache hit)
2235 http cache end-of-stream@https://registry.npmjs.org/end-of-stream/-/end-of-stream-1.1.0.tgz 0ms (cache hit)
2236 http cache picomatch@https://registry.npmjs.org/picomatch/-/picomatch-2.3.2.tgz 0ms (cache hit)
2237 http cache zod@https://registry.npmjs.org/zod/-/zod-3.22.4.tgz 0ms (cache hit)
2238 http cache fs-extra@https://registry.npmjs.org/fs-extra/-/fs-extra-11.1.1.tgz 0ms (cache hit)
2239 http cache signal-exit@https://registry.npmjs.org/signal-exit/-/signal-exit-3.0.7.tgz 0ms (cache hit)
2240 http cache ms@https://registry.npmjs.org/ms/-/ms-2.1.3.tgz 0ms (cache hit)
2241 http cache signal-exit@https://registry.npmjs.org/signal-exit/-/signal-exit-3.0.7.tgz 0ms (cache hit)
2242 http cache path-to-regexp@https://registry.npmjs.org/path-to-regexp/-/path-to-regexp-6.1.0.tgz 0ms (cache hit)
2243 http cache get-stream@https://registry.npmjs.org/get-stream/-/get-stream-6.0.1.tgz 0ms (cache hit)
2244 http cache debug@https://registry.npmjs.org/debug/-/debug-4.4.3.tgz 0ms (cache hit)
2245 http cache human-signals@https://registry.npmjs.org/human-signals/-/human-signals-2.1.0.tgz 0ms (cache hit)
2246 http cache execa@https://registry.npmjs.org/execa/-/execa-5.1.1.tgz 0ms (cache hit)
2247 http cache semver@https://registry.npmjs.org/semver/-/semver-6.3.1.tgz 0ms (cache hit)
2248 http cache es-module-lexer@https://registry.npmjs.org/es-module-lexer/-/es-module-lexer-1.4.1.tgz 0ms (cache hit)
2249 http cache node-fetch@https://registry.npmjs.org/node-fetch/-/node-fetch-2.6.9.tgz 0ms (cache hit)
2250 http cache path-to-regexp@https://registry.npmjs.org/path-to-regexp/-/path-to-regexp-6.1.0.tgz 0ms (cache hit)
2251 http cache zod@https://registry.npmjs.org/zod/-/zod-3.22.4.tgz 0ms (cache hit)
2252 http cache xdg-app-paths@https://registry.npmjs.org/xdg-app-paths/-/xdg-app-paths-5.1.0.tgz 0ms (cache hit)
2253 http cache zod@https://registry.npmjs.org/zod/-/zod-3.22.4.tgz 0ms (cache hit)
2254 http cache path-to-regexp@https://registry.npmjs.org/path-to-regexp/-/path-to-regexp-8.2.0.tgz 0ms (cache hit)
2255 http cache async-listen@https://registry.npmjs.org/async-listen/-/async-listen-1.2.0.tgz 0ms (cache hit)
2256 http cache undici@https://registry.npmjs.org/undici/-/undici-5.28.4.tgz 0ms (cache hit)
2257 silly tarball no local data for brace-expansion@https://registry.npmjs.org/brace-expansion/-/brace-expansion-1.1.18.tgz. Extracting by manifest.
2258 silly tarball no local data for pend@https://registry.npmjs.org/pend/-/pend-1.2.0.tgz. Extracting by manifest.
2259 silly tarball no local data for events-intercept@https://registry.npmjs.org/events-intercept/-/events-intercept-2.0.0.tgz. Extracting by manifest.
2260 silly tarball no local data for buffer-crc32@https://registry.npmjs.org/buffer-crc32/-/buffer-crc32-0.2.13.tgz. Extracting by manifest.
2261 silly tarball no local data for os-paths@https://registry.npmjs.org/os-paths/-/os-paths-4.4.0.tgz. Extracting by manifest.
2262 silly tarball no local data for yauzl@https://registry.npmjs.org/yauzl/-/yauzl-2.10.0.tgz. Extracting by manifest.
2263 silly tarball no local data for xdg-portable@https://registry.npmjs.org/xdg-portable/-/xdg-portable-7.3.0.tgz. Extracting by manifest.
2264 silly tarball no local data for webidl-conversions@https://registry.npmjs.org/webidl-conversions/-/webidl-conversions-3.0.1.tgz. Extracting by manifest.
2265 silly tarball no local data for yauzl-clone@https://registry.npmjs.org/yauzl-clone/-/yauzl-clone-1.0.4.tgz. Extracting by manifest.
2266 silly tarball no local data for fd-slicer@https://registry.npmjs.org/fd-slicer/-/fd-slicer-1.1.0.tgz. Extracting by manifest.
2267 silly tarball no local data for tr46@https://registry.npmjs.org/tr46/-/tr46-0.0.3.tgz. Extracting by manifest.
2268 silly tarball no local data for @fastify/busboy@https://registry.npmjs.org/@fastify/busboy/-/busboy-2.1.1.tgz. Extracting by manifest.
2269 http cache undici@https://registry.npmjs.org/undici/-/undici-6.28.0.tgz 0ms (cache hit)
2270 http cache zod@https://registry.npmjs.org/zod/-/zod-3.22.4.tgz 0ms (cache hit)
2271 silly tarball no local data for get-tsconfig@https://registry.npmjs.org/get-tsconfig/-/get-tsconfig-4.14.1.tgz. Extracting by manifest.
2272 silly tarball no local data for path-browserify@https://registry.npmjs.org/path-browserify/-/path-browserify-1.0.1.tgz. Extracting by manifest.
2273 silly tarball no local data for mkdirp@https://registry.npmjs.org/mkdirp/-/mkdirp-1.0.4.tgz. Extracting by manifest.
2274 silly tarball no local data for @ts-morph/common@https://registry.npmjs.org/@ts-morph/common/-/common-0.11.1.tgz. Extracting by manifest.
2275 silly tarball no local data for code-block-writer@https://registry.npmjs.org/code-block-writer/-/code-block-writer-10.1.1.tgz. Extracting by manifest.
2276 silly tarball no local data for convert-hrtime@https://registry.npmjs.org/convert-hrtime/-/convert-hrtime-3.0.0.tgz. Extracting by manifest.
2277 silly tarball no local data for streamx@https://registry.npmjs.org/streamx/-/streamx-2.28.0.tgz. Extracting by manifest.
2278 silly tarball no local data for events-universal@https://registry.npmjs.org/events-universal/-/events-universal-1.0.1.tgz. Extracting by manifest.
2279 silly tarball no local data for bare-events@https://registry.npmjs.org/bare-events/-/bare-events-2.9.1.tgz. Extracting by manifest.
2280 silly tarball no local data for text-decoder@https://registry.npmjs.org/text-decoder/-/text-decoder-1.2.7.tgz. Extracting by manifest.
2281 silly tarball no local data for fast-fifo@https://registry.npmjs.org/fast-fifo/-/fast-fifo-1.3.2.tgz. Extracting by manifest.
2282 silly tarball no local data for b4a@https://registry.npmjs.org/b4a/-/b4a-1.8.1.tgz. Extracting by manifest.
2283 silly tarball no local data for chownr@https://registry.npmjs.org/chownr/-/chownr-3.0.0.tgz. Extracting by manifest.
2284 silly tarball no local data for minizlib@https://registry.npmjs.org/minizlib/-/minizlib-3.1.0.tgz. Extracting by manifest.
2285 silly tarball no local data for @isaacs/fs-minipass@https://registry.npmjs.org/@isaacs/fs-minipass/-/fs-minipass-4.0.1.tgz. Extracting by manifest.
2286 silly tarball no local data for yallist@https://registry.npmjs.org/yallist/-/yallist-5.0.0.tgz. Extracting by manifest.
2287 silly tarball no local data for any-promise@https://registry.npmjs.org/any-promise/-/any-promise-1.3.0.tgz. Extracting by manifest.
2288 silly tarball no local data for tar-stream@https://registry.npmjs.org/tar-stream/-/tar-stream-3.1.7.tgz. Extracting by manifest.
2289 silly tarball no local data for @vercel/oidc@https://registry.npmjs.org/@vercel/oidc/-/oidc-3.2.0.tgz. Extracting by manifest.
2290 silly tarball no local data for stream-to-array@https://registry.npmjs.org/stream-to-array/-/stream-to-array-2.3.0.tgz. Extracting by manifest.
2291 silly tarball no local data for jsonlines@https://registry.npmjs.org/jsonlines/-/jsonlines-0.1.1.tgz. Extracting by manifest.
2292 silly tarball no local data for @vercel/sandbox@https://registry.npmjs.org/@vercel/sandbox/-/sandbox-2.4.0.tgz. Extracting by manifest.
2293 silly tarball no local data for ws@https://registry.npmjs.org/ws/-/ws-8.21.1.tgz. Extracting by manifest.
2294 silly tarball no local data for @rolldown/pluginutils@https://registry.npmjs.org/@rolldown/pluginutils/-/pluginutils-1.0.0-rc.1.tgz. Extracting by manifest.
2295 silly tarball no local data for @oxc-project/types@https://registry.npmjs.org/@oxc-project/types/-/types-0.110.0.tgz. Extracting by manifest.
2296 silly tarball no local data for @rolldown/binding-win32-x64-msvc@https://registry.npmjs.org/@rolldown/binding-win32-x64-msvc/-/binding-win32-x64-msvc-1.0.0-rc.1.tgz. Extracting by manifest.
2297 silly tarball no local data for @workflow/serde@https://registry.npmjs.org/@workflow/serde/-/serde-4.1.0-beta.2.tgz. Extracting by manifest.
2298 silly tarball no local data for toidentifier@https://registry.npmjs.org/toidentifier/-/toidentifier-1.0.0.tgz. Extracting by manifest.
2299 silly tarball no local data for statuses@https://registry.npmjs.org/statuses/-/statuses-1.5.0.tgz. Extracting by manifest.
2300 silly tarball no local data for safer-buffer@https://registry.npmjs.org/safer-buffer/-/safer-buffer-2.1.2.tgz. Extracting by manifest.
2301 silly tarball no local data for setprototypeof@https://registry.npmjs.org/setprototypeof/-/setprototypeof-1.1.1.tgz. Extracting by manifest.
2302 silly tarball no local data for unpipe@https://registry.npmjs.org/unpipe/-/unpipe-1.0.0.tgz. Extracting by manifest.
2303 silly tarball no local data for inherits@https://registry.npmjs.org/inherits/-/inherits-2.0.4.tgz. Extracting by manifest.
2304 silly tarball no local data for http-errors@https://registry.npmjs.org/http-errors/-/http-errors-1.7.3.tgz. Extracting by manifest.
2305 silly tarball no local data for depd@https://registry.npmjs.org/depd/-/depd-1.1.2.tgz. Extracting by manifest.
2306 silly tarball no local data for once@https://registry.npmjs.org/once/-/once-1.4.0.tgz. Extracting by manifest.
2307 silly tarball no local data for iconv-lite@https://registry.npmjs.org/iconv-lite/-/iconv-lite-0.4.24.tgz. Extracting by manifest.
2308 silly tarball no local data for @tybys/wasm-util@https://registry.npmjs.org/@tybys/wasm-util/-/wasm-util-0.10.3.tgz. Extracting by manifest.
2309 silly tarball no local data for lru-cache@https://registry.npmjs.org/lru-cache/-/lru-cache-11.5.2.tgz. Extracting by manifest.
2310 silly tarball no local data for bytes@https://registry.npmjs.org/bytes/-/bytes-3.1.0.tgz. Extracting by manifest.
2311 silly tarball no local data for end-of-stream@https://registry.npmjs.org/end-of-stream/-/end-of-stream-1.4.5.tgz. Extracting by manifest.
2312 silly tarball no local data for parse-ms@https://registry.npmjs.org/parse-ms/-/parse-ms-2.1.0.tgz. Extracting by manifest.
2313 silly tarball no local data for @emnapi/wasi-threads@https://registry.npmjs.org/@emnapi/wasi-threads/-/wasi-threads-1.2.3.tgz. Extracting by manifest.
2314 silly tarball no local data for @emnapi/runtime@https://registry.npmjs.org/@emnapi/runtime/-/runtime-1.11.3.tgz. Extracting by manifest.
2315 silly tarball no local data for is-docker@https://registry.npmjs.org/is-docker/-/is-docker-2.2.1.tgz. Extracting by manifest.
2316 silly tarball no local data for @napi-rs/wasm-runtime@https://registry.npmjs.org/@napi-rs/wasm-runtime/-/wasm-runtime-1.2.2.tgz. Extracting by manifest.
2317 silly tarball no local data for @emnapi/core@https://registry.npmjs.org/@emnapi/core/-/core-1.11.3.tgz. Extracting by manifest.
2318 silly tarball no local data for define-lazy-prop@https://registry.npmjs.org/define-lazy-prop/-/define-lazy-prop-2.0.0.tgz. Extracting by manifest.
2319 silly tarball no local data for mimic-fn@https://registry.npmjs.org/mimic-fn/-/mimic-fn-2.1.0.tgz. Extracting by manifest.
2320 silly tarball no local data for abbrev@https://registry.npmjs.org/abbrev/-/abbrev-3.0.1.tgz. Extracting by manifest.
2321 silly tarball no local data for wrappy@https://registry.npmjs.org/wrappy/-/wrappy-1.0.2.tgz. Extracting by manifest.
2322 silly tarball no local data for is-wsl@https://registry.npmjs.org/is-wsl/-/is-wsl-2.2.0.tgz. Extracting by manifest.
2323 silly tarball no local data for @oxc-transform/binding-win32-x64-msvc@https://registry.npmjs.org/@oxc-transform/binding-win32-x64-msvc/-/binding-win32-x64-msvc-0.111.0.tgz. Extracting by manifest.
2324 silly tarball no local data for mime-db@https://registry.npmjs.org/mime-db/-/mime-db-1.52.0.tgz. Extracting by manifest.
2325 silly tarball no local data for @isaacs/balanced-match@https://registry.npmjs.org/@isaacs/balanced-match/-/balanced-match-4.0.1.tgz. Extracting by manifest.
2326 silly tarball no local data for whatwg-url@https://registry.npmjs.org/whatwg-url/-/whatwg-url-5.0.0.tgz. Extracting by manifest.
2327 silly tarball no local data for raw-body@https://registry.npmjs.org/raw-body/-/raw-body-2.4.1.tgz. Extracting by manifest.
2328 silly tarball no local data for @isaacs/brace-expansion@https://registry.npmjs.org/@isaacs/brace-expansion/-/brace-expansion-5.0.1.tgz. Extracting by manifest.
2329 silly tarball no local data for content-type@https://registry.npmjs.org/content-type/-/content-type-1.0.4.tgz. Extracting by manifest.
2330 silly tarball no local data for ts-toolbelt@https://registry.npmjs.org/ts-toolbelt/-/ts-toolbelt-6.15.5.tgz. Extracting by manifest.
2331 silly tarball no local data for arg@https://registry.npmjs.org/arg/-/arg-4.1.0.tgz. Extracting by manifest.
2332 silly tarball no local data for minipass@https://registry.npmjs.org/minipass/-/minipass-7.1.3.tgz. Extracting by manifest.
2333 silly tarball no local data for pump@https://registry.npmjs.org/pump/-/pump-3.0.4.tgz. Extracting by manifest.
2334 silly tarball no local data for agent-base@https://registry.npmjs.org/agent-base/-/agent-base-7.1.4.tgz. Extracting by manifest.
2335 silly tarball no local data for universalify@https://registry.npmjs.org/universalify/-/universalify-2.0.1.tgz. Extracting by manifest.
2336 silly tarball no local data for jsonfile@https://registry.npmjs.org/jsonfile/-/jsonfile-6.2.1.tgz. Extracting by manifest.
2337 silly tarball no local data for path-scurry@https://registry.npmjs.org/path-scurry/-/path-scurry-2.0.2.tgz. Extracting by manifest.
2338 silly tarball no local data for strip-final-newline@https://registry.npmjs.org/strip-final-newline/-/strip-final-newline-2.0.0.tgz. Extracting by manifest.
2339 silly tarball no local data for p-finally@https://registry.npmjs.org/p-finally/-/p-finally-2.0.1.tgz. Extracting by manifest.
2340 silly tarball no local data for onetime@https://registry.npmjs.org/onetime/-/onetime-5.1.2.tgz. Extracting by manifest.
2341 silly tarball no local data for @esbuild/win32-x64@https://registry.npmjs.org/@esbuild/win32-x64/-/win32-x64-0.27.0.tgz. Extracting by manifest.
2342 silly tarball no local data for time-span@https://registry.npmjs.org/time-span/-/time-span-4.0.0.tgz. Extracting by manifest.
2343 silly tarball no local data for pretty-ms@https://registry.npmjs.org/pretty-ms/-/pretty-ms-7.0.1.tgz. Extracting by manifest.
2344 silly tarball no local data for human-signals@https://registry.npmjs.org/human-signals/-/human-signals-1.1.1.tgz. Extracting by manifest.
2345 silly tarball no local data for signal-exit@https://registry.npmjs.org/signal-exit/-/signal-exit-4.0.2.tgz. Extracting by manifest.
2346 silly tarball no local data for picocolors@https://registry.npmjs.org/picocolors/-/picocolors-1.0.0.tgz. Extracting by manifest.
2347 silly tarball no local data for npm-run-path@https://registry.npmjs.org/npm-run-path/-/npm-run-path-4.0.1.tgz. Extracting by manifest.
2348 silly tarball no local data for mri@https://registry.npmjs.org/mri/-/mri-1.2.0.tgz. Extracting by manifest.
2349 silly tarball no local data for @edge-runtime/ponyfill@https://registry.npmjs.org/@edge-runtime/ponyfill/-/ponyfill-2.4.2.tgz. Extracting by manifest.
2350 silly tarball no local data for readdirp@https://registry.npmjs.org/readdirp/-/readdirp-4.1.2.tgz. Extracting by manifest.
2351 silly tarball no local data for file-uri-to-path@https://registry.npmjs.org/file-uri-to-path/-/file-uri-to-path-1.0.0.tgz. Extracting by manifest.
2352 silly tarball no local data for is-stream@https://registry.npmjs.org/is-stream/-/is-stream-2.0.1.tgz. Extracting by manifest.
2353 silly tarball no local data for get-stream@https://registry.npmjs.org/get-stream/-/get-stream-5.2.0.tgz. Extracting by manifest.
2354 silly tarball no local data for retry@https://registry.npmjs.org/retry/-/retry-0.13.1.tgz. Extracting by manifest.
2355 silly tarball no local data for ajv@https://registry.npmjs.org/ajv/-/ajv-8.6.3.tgz. Extracting by manifest.
2356 silly tarball no local data for json-schema-to-ts@https://registry.npmjs.org/json-schema-to-ts/-/json-schema-to-ts-1.6.4.tgz. Extracting by manifest.
2357 silly tarball no local data for @edge-runtime/format@https://registry.npmjs.org/@edge-runtime/format/-/format-2.2.1.tgz. Extracting by manifest.
2358 silly tarball no local data for web-vitals@https://registry.npmjs.org/web-vitals/-/web-vitals-0.2.4.tgz. Extracting by manifest.
2359 silly tarball no local data for @renovatebot/pep440@https://registry.npmjs.org/@renovatebot/pep440/-/pep440-4.2.1.tgz. Extracting by manifest.
2360 silly tarball no local data for minimatch@https://registry.npmjs.org/minimatch/-/minimatch-10.1.1.tgz. Extracting by manifest.
2361 silly tarball no local data for @vercel/gatsby-plugin-vercel-builder@https://registry.npmjs.org/@vercel/gatsby-plugin-vercel-builder/-/gatsby-plugin-vercel-builder-2.2.33.tgz. Extracting by manifest.
2362 silly tarball no local data for @sinclair/typebox@https://registry.npmjs.org/@sinclair/typebox/-/typebox-0.25.24.tgz. Extracting by manifest.
2363 silly tarball no local data for @bytecodealliance/preview2-shim@https://registry.npmjs.org/@bytecodealliance/preview2-shim/-/preview2-shim-0.17.6.tgz. Extracting by manifest.
2364 silly tarball no local data for @vercel/gatsby-plugin-vercel-analytics@https://registry.npmjs.org/@vercel/gatsby-plugin-vercel-analytics/-/gatsby-plugin-vercel-analytics-1.0.11.tgz. Extracting by manifest.
2365 silly tarball no local data for undici-types@https://registry.npmjs.org/undici-types/-/undici-types-5.26.5.tgz. Extracting by manifest.
2366 silly tarball no local data for etag@https://registry.npmjs.org/etag/-/etag-1.8.1.tgz. Extracting by manifest.
2367 silly tarball no local data for mime-types@https://registry.npmjs.org/mime-types/-/mime-types-2.1.35.tgz. Extracting by manifest.
2368 silly tarball no local data for edge-runtime@https://registry.npmjs.org/edge-runtime/-/edge-runtime-2.5.9.tgz. Extracting by manifest.
2369 silly tarball no local data for @types/node@https://registry.npmjs.org/@types/node/-/node-20.11.0.tgz. Extracting by manifest.
2370 silly tarball no local data for @edge-runtime/vm@https://registry.npmjs.org/@edge-runtime/vm/-/vm-3.2.0.tgz. Extracting by manifest.
2371 silly tarball no local data for @edge-runtime/primitives@https://registry.npmjs.org/@edge-runtime/primitives/-/primitives-4.1.0.tgz. Extracting by manifest.
2372 silly tarball no local data for @edge-runtime/node-utils@https://registry.npmjs.org/@edge-runtime/node-utils/-/node-utils-2.3.0.tgz. Extracting by manifest.
2373 silly tarball no local data for nopt@https://registry.npmjs.org/nopt/-/nopt-8.1.0.tgz. Extracting by manifest.
2374 silly tarball no local data for https-proxy-agent@https://registry.npmjs.org/https-proxy-agent/-/https-proxy-agent-7.0.6.tgz. Extracting by manifest.
2375 silly tarball no local data for resolve-from@https://registry.npmjs.org/resolve-from/-/resolve-from-5.0.0.tgz. Extracting by manifest.
2376 silly tarball no local data for picomatch@https://registry.npmjs.org/picomatch/-/picomatch-4.0.5.tgz. Extracting by manifest.
2377 silly tarball no local data for consola@https://registry.npmjs.org/consola/-/consola-3.4.2.tgz. Extracting by manifest.
2378 silly tarball no local data for bindings@https://registry.npmjs.org/bindings/-/bindings-1.5.0.tgz. Extracting by manifest.
2379 silly tarball no local data for @vercel/error-utils@https://registry.npmjs.org/@vercel/error-utils/-/error-utils-2.2.0.tgz. Extracting by manifest.
2380 silly tarball no local data for node-gyp-build@https://registry.npmjs.org/node-gyp-build/-/node-gyp-build-4.8.4.tgz. Extracting by manifest.
2381 silly tarball no local data for @rollup/pluginutils@https://registry.npmjs.org/@rollup/pluginutils/-/pluginutils-5.4.0.tgz. Extracting by manifest.
2382 silly tarball no local data for acorn@https://registry.npmjs.org/acorn/-/acorn-8.18.0.tgz. Extracting by manifest.
2383 silly tarball no local data for glob@https://registry.npmjs.org/glob/-/glob-13.0.6.tgz. Extracting by manifest.
2384 silly tarball no local data for estree-walker@https://registry.npmjs.org/estree-walker/-/estree-walker-2.0.2.tgz. Extracting by manifest.
2385 silly tarball no local data for async-sema@https://registry.npmjs.org/async-sema/-/async-sema-3.1.1.tgz. Extracting by manifest.
2386 silly tarball no local data for acorn-import-attributes@https://registry.npmjs.org/acorn-import-attributes/-/acorn-import-attributes-1.9.5.tgz. Extracting by manifest.
2387 silly tarball no local data for yauzl-promise@https://registry.npmjs.org/yauzl-promise/-/yauzl-promise-2.1.3.tgz. Extracting by manifest.
2388 silly tarball no local data for @mapbox/node-pre-gyp@https://registry.npmjs.org/@mapbox/node-pre-gyp/-/node-pre-gyp-2.0.3.tgz. Extracting by manifest.
2389 silly tarball no local data for tree-kill@https://registry.npmjs.org/tree-kill/-/tree-kill-1.2.2.tgz. Extracting by manifest.
2390 silly tarball no local data for tinyexec@https://registry.npmjs.org/tinyexec/-/tinyexec-0.3.2.tgz. Extracting by manifest.
2391 silly tarball no local data for stat-mode@https://registry.npmjs.org/stat-mode/-/stat-mode-0.3.0.tgz. Extracting by manifest.
2392 silly tarball no local data for stream-to-promise@https://registry.npmjs.org/stream-to-promise/-/stream-to-promise-2.2.0.tgz. Extracting by manifest.
2393 silly tarball no local data for uid-promise@https://registry.npmjs.org/uid-promise/-/uid-promise-1.0.0.tgz. Extracting by manifest.
2394 silly tarball no local data for tar@https://registry.npmjs.org/tar/-/tar-7.5.7.tgz. Extracting by manifest.
2395 silly tarball no local data for semver@https://registry.npmjs.org/semver/-/semver-7.5.4.tgz. Extracting by manifest.
2396 silly tarball no local data for promisepipe@https://registry.npmjs.org/promisepipe/-/promisepipe-3.0.0.tgz. Extracting by manifest.
2397 silly tarball no local data for ms@https://registry.npmjs.org/ms/-/ms-2.1.1.tgz. Extracting by manifest.
2398 silly tarball no local data for generic-pool@https://registry.npmjs.org/generic-pool/-/generic-pool-3.4.2.tgz. Extracting by manifest.
2399 silly tarball no local data for node-fetch@https://registry.npmjs.org/node-fetch/-/node-fetch-2.6.7.tgz. Extracting by manifest.
2400 silly tarball no local data for micro@https://registry.npmjs.org/micro/-/micro-9.3.5-canary.3.tgz. Extracting by manifest.
2401 silly tarball no local data for debug@https://registry.npmjs.org/debug/-/debug-4.3.4.tgz. Extracting by manifest.
2402 silly tarball no local data for @tootallnate/once@https://registry.npmjs.org/@tootallnate/once/-/once-2.0.0.tgz. Extracting by manifest.
2403 silly tarball no local data for @vercel/cervel@https://registry.npmjs.org/@vercel/cervel/-/cervel-0.1.38.tgz. Extracting by manifest.
2404 silly tarball no local data for @napi-rs/keyring@https://registry.npmjs.org/@napi-rs/keyring/-/keyring-1.2.0.tgz. Extracting by manifest.
2405 silly tarball no local data for @vercel/python-analysis@https://registry.npmjs.org/@vercel/python-analysis/-/python-analysis-0.12.0.tgz. Extracting by manifest.
2406 silly tarball no local data for xdg-app-paths@https://registry.npmjs.org/xdg-app-paths/-/xdg-app-paths-5.5.1.tgz. Extracting by manifest.
2407 silly tarball no local data for cjs-module-lexer@https://registry.npmjs.org/cjs-module-lexer/-/cjs-module-lexer-1.2.3.tgz. Extracting by manifest.
2408 silly tarball no local data for @napi-rs/keyring-win32-x64-msvc@https://registry.npmjs.org/@napi-rs/keyring-win32-x64-msvc/-/keyring-win32-x64-msvc-1.2.0.tgz. Extracting by manifest.
2409 silly tarball no local data for async-listen@https://registry.npmjs.org/async-listen/-/async-listen-3.0.0.tgz. Extracting by manifest.
2410 silly tarball no local data for open@https://registry.npmjs.org/open/-/open-8.4.0.tgz. Extracting by manifest.
2411 silly tarball no local data for es-module-lexer@https://registry.npmjs.org/es-module-lexer/-/es-module-lexer-1.5.0.tgz. Extracting by manifest.
2412 silly tarball no local data for is-buffer@https://registry.npmjs.org/is-buffer/-/is-buffer-2.0.5.tgz. Extracting by manifest.
2413 silly tarball no local data for throttleit@https://registry.npmjs.org/throttleit/-/throttleit-2.1.0.tgz. Extracting by manifest.
2414 silly tarball no local data for is-node-process@https://registry.npmjs.org/is-node-process/-/is-node-process-1.2.0.tgz. Extracting by manifest.
2415 silly tarball no local data for tsx@https://registry.npmjs.org/tsx/-/tsx-4.21.0.tgz. Extracting by manifest.
2416 silly tarball no local data for ts-morph@https://registry.npmjs.org/ts-morph/-/ts-morph-12.0.0.tgz. Extracting by manifest.
2417 silly tarball no local data for resolve.exports@https://registry.npmjs.org/resolve.exports/-/resolve.exports-2.0.3.tgz. Extracting by manifest.
2418 silly tarball no local data for srvx@https://registry.npmjs.org/srvx/-/srvx-0.11.16.tgz. Extracting by manifest.
2419 silly tarball no local data for path-to-regexp@https://registry.npmjs.org/path-to-regexp/-/path-to-regexp-8.3.0.tgz. Extracting by manifest.
2420 silly tarball no local data for rolldown@https://registry.npmjs.org/rolldown/-/rolldown-1.0.0-rc.1.tgz. Extracting by manifest.
2421 silly tarball no local data for oxc-transform@https://registry.npmjs.org/oxc-transform/-/oxc-transform-0.111.0.tgz. Extracting by manifest.
2422 silly tarball no local data for fs-extra@https://registry.npmjs.org/fs-extra/-/fs-extra-11.1.0.tgz. Extracting by manifest.
2423 silly tarball no local data for @vercel/static-config@https://registry.npmjs.org/@vercel/static-config/-/static-config-3.4.0.tgz. Extracting by manifest.
2424 silly tarball no local data for @vercel/nft@https://registry.npmjs.org/@vercel/nft/-/nft-1.10.0.tgz. Extracting by manifest.
2425 silly tarball no local data for execa@https://registry.npmjs.org/execa/-/execa-3.2.0.tgz. Extracting by manifest.
2426 silly tarball no local data for undici@https://registry.npmjs.org/undici/-/undici-5.29.0.tgz. Extracting by manifest.
2427 silly tarball no local data for zod@https://registry.npmjs.org/zod/-/zod-4.1.11.tgz. Extracting by manifest.
2428 silly tarball no local data for smol-toml@https://registry.npmjs.org/smol-toml/-/smol-toml-1.5.2.tgz. Extracting by manifest.
2429 silly tarball no local data for luxon@https://registry.npmjs.org/luxon/-/luxon-3.7.2.tgz. Extracting by manifest.
2430 silly tarball no local data for sandbox@https://registry.npmjs.org/sandbox/-/sandbox-3.4.0.tgz. Extracting by manifest.
2431 silly tarball no local data for async-retry@https://registry.npmjs.org/async-retry/-/async-retry-1.3.3.tgz. Extracting by manifest.
2432 silly tarball no local data for jose@https://registry.npmjs.org/jose/-/jose-5.9.6.tgz. Extracting by manifest.
2433 silly tarball no local data for jsonc-parser@https://registry.npmjs.org/jsonc-parser/-/jsonc-parser-3.3.1.tgz. Extracting by manifest.
2434 silly tarball no local data for @vercel/static-build@https://registry.npmjs.org/@vercel/static-build/-/static-build-2.11.13.tgz. Extracting by manifest.
2435 silly tarball no local data for chokidar@https://registry.npmjs.org/chokidar/-/chokidar-4.0.0.tgz. Extracting by manifest.
2436 silly tarball no local data for get-port@https://registry.npmjs.org/get-port/-/get-port-5.1.1.tgz. Extracting by manifest.
2437 silly tarball no local data for esbuild@https://registry.npmjs.org/esbuild/-/esbuild-0.27.0.tgz. Extracting by manifest.
2438 silly tarball no local data for @vercel/rust@https://registry.npmjs.org/@vercel/rust/-/rust-1.4.0.tgz. Extracting by manifest.
2439 silly tarball no local data for @vercel/ruby@https://registry.npmjs.org/@vercel/ruby/-/ruby-2.5.1.tgz. Extracting by manifest.
2440 silly tarball no local data for @vercel/python@https://registry.npmjs.org/@vercel/python/-/python-6.54.1.tgz. Extracting by manifest.
2441 silly tarball no local data for @vercel/remix-builder@https://registry.npmjs.org/@vercel/remix-builder/-/remix-builder-5.9.1.tgz. Extracting by manifest.
2442 silly tarball no local data for @vercel/redwood@https://registry.npmjs.org/@vercel/redwood/-/redwood-2.5.0.tgz. Extracting by manifest.
2443 silly tarball no local data for @vercel/node@https://registry.npmjs.org/@vercel/node/-/node-5.9.3.tgz. Extracting by manifest.
2444 silly tarball no local data for @vercel/koa@https://registry.npmjs.org/@vercel/koa/-/koa-0.1.90.tgz. Extracting by manifest.
2445 silly tarball no local data for @vercel/hydrogen@https://registry.npmjs.org/@vercel/hydrogen/-/hydrogen-1.4.0.tgz. Extracting by manifest.
2446 silly tarball no local data for @vercel/prepare-flags-definitions@https://registry.npmjs.org/@vercel/prepare-flags-definitions/-/prepare-flags-definitions-0.3.0.tgz. Extracting by manifest.
2447 silly tarball no local data for @vercel/h3@https://registry.npmjs.org/@vercel/h3/-/h3-0.1.116.tgz. Extracting by manifest.
2448 silly tarball no local data for @vercel/hono@https://registry.npmjs.org/@vercel/hono/-/hono-0.2.110.tgz. Extracting by manifest.
2449 silly tarball no local data for @vercel/fun@https://registry.npmjs.org/@vercel/fun/-/fun-1.3.0.tgz. Extracting by manifest.
2450 silly tarball no local data for @vercel/go@https://registry.npmjs.org/@vercel/go/-/go-3.10.2.tgz. Extracting by manifest.
2451 silly tarball no local data for @vercel/fastify@https://registry.npmjs.org/@vercel/fastify/-/fastify-0.1.110.tgz. Extracting by manifest.
2452 silly tarball no local data for @vercel/nestjs@https://registry.npmjs.org/@vercel/nestjs/-/nestjs-0.2.111.tgz. Extracting by manifest.
2453 silly tarball no local data for @vercel/express@https://registry.npmjs.org/@vercel/express/-/express-0.1.121.tgz. Extracting by manifest.
2454 silly tarball no local data for @vercel/elysia@https://registry.npmjs.org/@vercel/elysia/-/elysia-0.1.107.tgz. Extracting by manifest.
2455 silly tarball no local data for @vercel/container@https://registry.npmjs.org/@vercel/container/-/container-0.1.0.tgz. Extracting by manifest.
2456 silly tarball no local data for @vercel/next@https://registry.npmjs.org/@vercel/next/-/next-4.20.5.tgz. Extracting by manifest.
2457 silly tarball no local data for @vercel/cli-auth@https://registry.npmjs.org/@vercel/cli-auth/-/cli-auth-0.3.1.tgz. Extracting by manifest.
2458 silly tarball no local data for @vercel/cli-config@https://registry.npmjs.org/@vercel/cli-config/-/cli-config-0.2.1.tgz. Extracting by manifest.
2459 silly tarball no local data for vercel@https://registry.npmjs.org/vercel/-/vercel-58.4.4.tgz. Extracting by manifest.
2460 silly tarball no local data for @vercel/blob@https://registry.npmjs.org/@vercel/blob/-/blob-2.4.0.tgz. Extracting by manifest.
2461 silly tarball no local data for @vercel/build-utils@https://registry.npmjs.org/@vercel/build-utils/-/build-utils-13.36.3.tgz. Extracting by manifest.
2462 silly tarball no local data for @vercel/backends@https://registry.npmjs.org/@vercel/backends/-/backends-0.8.30.tgz. Extracting by manifest.
2463 silly tarball no local data for @vercel/detect-agent@https://registry.npmjs.org/@vercel/detect-agent/-/detect-agent-1.2.3.tgz. Extracting by manifest.
2464 silly tarball no local data for xdg-app-paths@https://registry.npmjs.org/xdg-app-paths/-/xdg-app-paths-5.1.0.tgz. Extracting by manifest.
2465 silly tarball no local data for undici@https://registry.npmjs.org/undici/-/undici-7.29.0.tgz. Extracting by manifest.
2466 silly tarball no local data for async-listen@https://registry.npmjs.org/async-listen/-/async-listen-3.0.1.tgz. Extracting by manifest.
2467 silly tarball no local data for jose@https://registry.npmjs.org/jose/-/jose-6.2.3.tgz. Extracting by manifest.
2468 silly tarball no local data for brace-expansion@https://registry.npmjs.org/brace-expansion/-/brace-expansion-5.0.9.tgz. Extracting by manifest.
2469 silly tarball no local data for once@https://registry.npmjs.org/once/-/once-1.3.3.tgz. Extracting by manifest.
2470 silly tarball no local data for minimatch@https://registry.npmjs.org/minimatch/-/minimatch-10.2.6.tgz. Extracting by manifest.
2471 silly tarball no local data for lru-cache@https://registry.npmjs.org/lru-cache/-/lru-cache-6.0.0.tgz. Extracting by manifest.
2472 silly tarball no local data for yallist@https://registry.npmjs.org/yallist/-/yallist-4.0.0.tgz. Extracting by manifest.
2473 silly tarball no local data for ms@https://registry.npmjs.org/ms/-/ms-2.1.2.tgz. Extracting by manifest.
2474 silly tarball no local data for end-of-stream@https://registry.npmjs.org/end-of-stream/-/end-of-stream-1.1.0.tgz. Extracting by manifest.
2475 silly tarball no local data for zod@https://registry.npmjs.org/zod/-/zod-3.22.4.tgz. Extracting by manifest.
2476 silly tarball no local data for fs-extra@https://registry.npmjs.org/fs-extra/-/fs-extra-11.1.1.tgz. Extracting by manifest.
2477 silly tarball no local data for signal-exit@https://registry.npmjs.org/signal-exit/-/signal-exit-3.0.7.tgz. Extracting by manifest.
2478 silly tarball no local data for signal-exit@https://registry.npmjs.org/signal-exit/-/signal-exit-3.0.7.tgz. Extracting by manifest.
2479 silly tarball no local data for path-to-regexp@https://registry.npmjs.org/path-to-regexp/-/path-to-regexp-6.1.0.tgz. Extracting by manifest.
2480 silly tarball no local data for get-stream@https://registry.npmjs.org/get-stream/-/get-stream-6.0.1.tgz. Extracting by manifest.
2481 silly tarball no local data for human-signals@https://registry.npmjs.org/human-signals/-/human-signals-2.1.0.tgz. Extracting by manifest.
2482 silly tarball no local data for execa@https://registry.npmjs.org/execa/-/execa-5.1.1.tgz. Extracting by manifest.
2483 silly tarball no local data for es-module-lexer@https://registry.npmjs.org/es-module-lexer/-/es-module-lexer-1.4.1.tgz. Extracting by manifest.
2484 silly tarball no local data for node-fetch@https://registry.npmjs.org/node-fetch/-/node-fetch-2.6.9.tgz. Extracting by manifest.
2485 silly tarball no local data for path-to-regexp@https://registry.npmjs.org/path-to-regexp/-/path-to-regexp-6.1.0.tgz. Extracting by manifest.
2486 silly tarball no local data for zod@https://registry.npmjs.org/zod/-/zod-3.22.4.tgz. Extracting by manifest.
2487 silly tarball no local data for xdg-app-paths@https://registry.npmjs.org/xdg-app-paths/-/xdg-app-paths-5.1.0.tgz. Extracting by manifest.
2488 silly tarball no local data for zod@https://registry.npmjs.org/zod/-/zod-3.22.4.tgz. Extracting by manifest.
2489 silly tarball no local data for path-to-regexp@https://registry.npmjs.org/path-to-regexp/-/path-to-regexp-8.2.0.tgz. Extracting by manifest.
2490 silly tarball no local data for async-listen@https://registry.npmjs.org/async-listen/-/async-listen-1.2.0.tgz. Extracting by manifest.
2491 silly tarball no local data for undici@https://registry.npmjs.org/undici/-/undici-5.28.4.tgz. Extracting by manifest.
2492 silly tarball no local data for undici@https://registry.npmjs.org/undici/-/undici-6.28.0.tgz. Extracting by manifest.
2493 silly tarball no local data for zod@https://registry.npmjs.org/zod/-/zod-3.22.4.tgz. Extracting by manifest.
2494 http fetch GET 200 https://registry.npmjs.org/pend/-/pend-1.2.0.tgz 618ms (cache miss)
2495 http fetch GET 200 https://registry.npmjs.org/brace-expansion/-/brace-expansion-1.1.18.tgz 620ms (cache miss)
2496 http fetch GET 200 https://registry.npmjs.org/events-intercept/-/events-intercept-2.0.0.tgz 617ms (cache miss)
2497 http fetch GET 200 https://registry.npmjs.org/os-paths/-/os-paths-4.4.0.tgz 616ms (cache miss)
2498 http fetch GET 200 https://registry.npmjs.org/buffer-crc32/-/buffer-crc32-0.2.13.tgz 617ms (cache miss)
2499 http fetch GET 200 https://registry.npmjs.org/code-block-writer/-/code-block-writer-10.1.1.tgz 686ms (cache miss)
2500 http fetch GET 200 https://registry.npmjs.org/text-decoder/-/text-decoder-1.2.7.tgz 684ms (cache miss)
2501 http fetch GET 200 https://registry.npmjs.org/bare-events/-/bare-events-2.9.1.tgz 685ms (cache miss)
2502 http fetch GET 200 https://registry.npmjs.org/events-universal/-/events-universal-1.0.1.tgz 686ms (cache miss)
2503 http fetch GET 200 https://registry.npmjs.org/convert-hrtime/-/convert-hrtime-3.0.0.tgz 688ms (cache miss)
2504 http fetch GET 200 https://registry.npmjs.org/yauzl/-/yauzl-2.10.0.tgz 745ms (cache miss)
2505 http fetch GET 200 https://registry.npmjs.org/fast-fifo/-/fast-fifo-1.3.2.tgz 801ms (cache miss)
2506 http fetch GET 200 https://registry.npmjs.org/chownr/-/chownr-3.0.0.tgz 844ms (cache miss)
2507 http fetch GET 200 https://registry.npmjs.org/any-promise/-/any-promise-1.3.0.tgz 1173ms (cache miss)
2508 http fetch GET 200 https://registry.npmjs.org/tar-stream/-/tar-stream-3.1.7.tgz 1173ms (cache miss)
2509 http fetch GET 200 https://registry.npmjs.org/stream-to-array/-/stream-to-array-2.3.0.tgz 1173ms (cache miss)
2510 http fetch GET 200 https://registry.npmjs.org/jsonlines/-/jsonlines-0.1.1.tgz 1213ms (cache miss)
2511 http fetch GET 200 https://registry.npmjs.org/xdg-portable/-/xdg-portable-7.3.0.tgz 1226ms (cache miss)
2512 http fetch GET 200 https://registry.npmjs.org/@rolldown/pluginutils/-/pluginutils-1.0.0-rc.1.tgz 1324ms (cache miss)
2513 http fetch GET 200 https://registry.npmjs.org/setprototypeof/-/setprototypeof-1.1.1.tgz 1324ms (cache miss)
2514 http fetch GET 200 https://registry.npmjs.org/statuses/-/statuses-1.5.0.tgz 1327ms (cache miss)
2515 http fetch GET 200 https://registry.npmjs.org/yauzl-clone/-/yauzl-clone-1.0.4.tgz 1399ms (cache miss)
2516 http fetch GET 200 https://registry.npmjs.org/safer-buffer/-/safer-buffer-2.1.2.tgz 1386ms (cache miss)
2517 http fetch GET 200 https://registry.npmjs.org/http-errors/-/http-errors-1.7.3.tgz 1387ms (cache miss)
2518 http fetch GET 200 https://registry.npmjs.org/inherits/-/inherits-2.0.4.tgz 1390ms (cache miss)
2519 http fetch GET 200 https://registry.npmjs.org/toidentifier/-/toidentifier-1.0.0.tgz 1427ms (cache miss)
2520 http fetch GET 200 https://registry.npmjs.org/once/-/once-1.4.0.tgz 1471ms (cache miss)
2521 http fetch GET 200 https://registry.npmjs.org/is-docker/-/is-docker-2.2.1.tgz 1464ms (cache miss)
2522 http fetch GET 200 https://registry.npmjs.org/parse-ms/-/parse-ms-2.1.0.tgz 1466ms (cache miss)
2523 http fetch GET 200 https://registry.npmjs.org/bytes/-/bytes-3.1.0.tgz 1514ms (cache miss)
2524 http fetch GET 200 https://registry.npmjs.org/wrappy/-/wrappy-1.0.2.tgz 1523ms (cache miss)
2525 http fetch GET 200 https://registry.npmjs.org/webidl-conversions/-/webidl-conversions-3.0.1.tgz 1587ms (cache miss)
2526 http fetch GET 200 https://registry.npmjs.org/unpipe/-/unpipe-1.0.0.tgz 1576ms (cache miss)
2527 http fetch GET 200 https://registry.npmjs.org/@oxc-project/types/-/types-0.110.0.tgz 1578ms (cache miss)
2528 http fetch GET 200 https://registry.npmjs.org/end-of-stream/-/end-of-stream-1.4.5.tgz 1571ms (cache miss)
2529 http fetch GET 200 https://registry.npmjs.org/whatwg-url/-/whatwg-url-5.0.0.tgz 1572ms (cache miss)
2530 http fetch GET 200 https://registry.npmjs.org/abbrev/-/abbrev-3.0.1.tgz 1626ms (cache miss)
2531 http fetch GET 200 https://registry.npmjs.org/agent-base/-/agent-base-7.1.4.tgz 1622ms (cache miss)
2532 http fetch GET 200 https://registry.npmjs.org/raw-body/-/raw-body-2.4.1.tgz 1627ms (cache miss)
2533 http fetch GET 200 https://registry.npmjs.org/is-wsl/-/is-wsl-2.2.0.tgz 1662ms (cache miss)
2534 http fetch GET 200 https://registry.npmjs.org/strip-final-newline/-/strip-final-newline-2.0.0.tgz 1657ms (cache miss)
2535 http fetch GET 200 https://registry.npmjs.org/mimic-fn/-/mimic-fn-2.1.0.tgz 1712ms (cache miss)
2536 http fetch GET 200 https://registry.npmjs.org/define-lazy-prop/-/define-lazy-prop-2.0.0.tgz 1714ms (cache miss)
2537 http fetch GET 200 https://registry.npmjs.org/p-finally/-/p-finally-2.0.1.tgz 1711ms (cache miss)
2538 http fetch GET 200 https://registry.npmjs.org/time-span/-/time-span-4.0.0.tgz 1710ms (cache miss)
2539 http fetch GET 200 https://registry.npmjs.org/onetime/-/onetime-5.1.2.tgz 1712ms (cache miss)
2540 http fetch GET 200 https://registry.npmjs.org/streamx/-/streamx-2.28.0.tgz 1775ms (cache miss)
2541 http fetch GET 200 https://registry.npmjs.org/picocolors/-/picocolors-1.0.0.tgz 1749ms (cache miss)
2542 http fetch GET 200 https://registry.npmjs.org/universalify/-/universalify-2.0.1.tgz 1819ms (cache miss)
2543 http fetch GET 200 https://registry.npmjs.org/file-uri-to-path/-/file-uri-to-path-1.0.0.tgz 1817ms (cache miss)
2544 http fetch GET 200 https://registry.npmjs.org/is-stream/-/is-stream-2.0.1.tgz 1881ms (cache miss)
2545 http fetch GET 200 https://registry.npmjs.org/arg/-/arg-4.1.0.tgz 1968ms (cache miss)
2546 http fetch GET 200 https://registry.npmjs.org/retry/-/retry-0.13.1.tgz 1961ms (cache miss)
2547 http fetch GET 200 https://registry.npmjs.org/jsonfile/-/jsonfile-6.2.1.tgz 2032ms (cache miss)
2548 http fetch GET 200 https://registry.npmjs.org/npm-run-path/-/npm-run-path-4.0.1.tgz 2027ms (cache miss)
2549 http fetch GET 200 https://registry.npmjs.org/pretty-ms/-/pretty-ms-7.0.1.tgz 2066ms (cache miss)
2550 http fetch GET 200 https://registry.npmjs.org/@workflow/serde/-/serde-4.1.0-beta.2.tgz 2149ms (cache miss)
2551 http fetch GET 200 https://registry.npmjs.org/etag/-/etag-1.8.1.tgz 2168ms (cache miss)
2552 http fetch GET 200 https://registry.npmjs.org/nopt/-/nopt-8.1.0.tgz 2166ms (cache miss)
2553 http fetch GET 200 https://registry.npmjs.org/https-proxy-agent/-/https-proxy-agent-7.0.6.tgz 2166ms (cache miss)
2554 http fetch GET 200 https://registry.npmjs.org/resolve-from/-/resolve-from-5.0.0.tgz 2167ms (cache miss)
2555 http fetch GET 200 https://registry.npmjs.org/bindings/-/bindings-1.5.0.tgz 2167ms (cache miss)
2556 http fetch GET 200 https://registry.npmjs.org/@edge-runtime/ponyfill/-/ponyfill-2.4.2.tgz 2210ms (cache miss)
2557 http fetch GET 200 https://registry.npmjs.org/node-gyp-build/-/node-gyp-build-4.8.4.tgz 2202ms (cache miss)
2558 http fetch GET 200 https://registry.npmjs.org/mime-types/-/mime-types-2.1.35.tgz 2227ms (cache miss)
2559 http fetch GET 200 https://registry.npmjs.org/estree-walker/-/estree-walker-2.0.2.tgz 2228ms (cache miss)
2560 http fetch GET 200 https://registry.npmjs.org/get-stream/-/get-stream-5.2.0.tgz 2265ms (cache miss)
2561 http fetch GET 200 https://registry.npmjs.org/async-sema/-/async-sema-3.1.1.tgz 2260ms (cache miss)
2562 http fetch GET 200 https://registry.npmjs.org/@vercel/gatsby-plugin-vercel-analytics/-/gatsby-plugin-vercel-analytics-1.0.11.tgz 2270ms (cache miss)
2563 http fetch GET 200 https://registry.npmjs.org/@rollup/pluginutils/-/pluginutils-5.4.0.tgz 2265ms (cache miss)
2564 http fetch GET 200 https://registry.npmjs.org/stat-mode/-/stat-mode-0.3.0.tgz 2262ms (cache miss)
2565 http fetch GET 200 https://registry.npmjs.org/tinyexec/-/tinyexec-0.3.2.tgz 2263ms (cache miss)
2566 http fetch GET 200 https://registry.npmjs.org/tree-kill/-/tree-kill-1.2.2.tgz 2265ms (cache miss)
2567 http fetch GET 200 https://registry.npmjs.org/yauzl-promise/-/yauzl-promise-2.1.3.tgz 2298ms (cache miss)
2568 http fetch GET 200 https://registry.npmjs.org/stream-to-promise/-/stream-to-promise-2.2.0.tgz 2299ms (cache miss)
2569 http fetch GET 200 https://registry.npmjs.org/uid-promise/-/uid-promise-1.0.0.tgz 2303ms (cache miss)
2570 http fetch GET 200 https://registry.npmjs.org/content-type/-/content-type-1.0.4.tgz 2359ms (cache miss)
2571 http fetch GET 200 https://registry.npmjs.org/@vercel/error-utils/-/error-utils-2.2.0.tgz 2343ms (cache miss)
2572 http fetch GET 200 https://registry.npmjs.org/ms/-/ms-2.1.1.tgz 2340ms (cache miss)
2573 http fetch GET 200 https://registry.npmjs.org/promisepipe/-/promisepipe-3.0.0.tgz 2341ms (cache miss)
2574 http fetch GET 200 https://registry.npmjs.org/debug/-/debug-4.3.4.tgz 2341ms (cache miss)
2575 http fetch GET 200 https://registry.npmjs.org/micro/-/micro-9.3.5-canary.3.tgz 2343ms (cache miss)
2576 http fetch GET 200 https://registry.npmjs.org/mri/-/mri-1.2.0.tgz 2397ms (cache miss)
2577 warn deprecated stream-to-promise@2.2.0: Deprecated. Use node:stream/promises and node:stream/consumers instead.
2578 http fetch GET 200 https://registry.npmjs.org/xdg-app-paths/-/xdg-app-paths-5.5.1.tgz 2382ms (cache miss)
2579 http fetch GET 200 https://registry.npmjs.org/async-listen/-/async-listen-3.0.0.tgz 2441ms (cache miss)
2580 http fetch GET 200 https://registry.npmjs.org/throttleit/-/throttleit-2.1.0.tgz 2441ms (cache miss)
2581 http fetch GET 200 https://registry.npmjs.org/is-buffer/-/is-buffer-2.0.5.tgz 2442ms (cache miss)
2582 http fetch GET 200 https://registry.npmjs.org/is-node-process/-/is-node-process-1.2.0.tgz 2444ms (cache miss)
2583 http fetch GET 200 https://registry.npmjs.org/path-to-regexp/-/path-to-regexp-8.3.0.tgz 2493ms (cache miss)
2584 http fetch GET 200 https://registry.npmjs.org/execa/-/execa-3.2.0.tgz 2539ms (cache miss)
2585 http fetch GET 200 https://registry.npmjs.org/fd-slicer/-/fd-slicer-1.1.0.tgz 2667ms (cache miss)
2586 http fetch GET 200 https://registry.npmjs.org/@tootallnate/once/-/once-2.0.0.tgz 2624ms (cache miss)
2587 http fetch GET 200 https://registry.npmjs.org/async-retry/-/async-retry-1.3.3.tgz 2679ms (cache miss)
2588 http fetch GET 200 https://registry.npmjs.org/get-port/-/get-port-5.1.1.tgz 2681ms (cache miss)
2589 http fetch GET 200 https://registry.npmjs.org/acorn-import-attributes/-/acorn-import-attributes-1.9.5.tgz 2729ms (cache miss)
2590 http fetch GET 200 https://registry.npmjs.org/b4a/-/b4a-1.8.1.tgz 2909ms (cache miss)
2591 http fetch GET 200 https://registry.npmjs.org/readdirp/-/readdirp-4.1.2.tgz 2880ms (cache miss)
2592 http fetch GET 200 https://registry.npmjs.org/@vercel/rust/-/rust-1.4.0.tgz 2860ms (cache miss)
2593 http fetch GET 200 https://registry.npmjs.org/@vercel/hydrogen/-/hydrogen-1.4.0.tgz 2859ms (cache miss)
2594 http fetch GET 200 https://registry.npmjs.org/@vercel/prepare-flags-definitions/-/prepare-flags-definitions-0.3.0.tgz 2862ms (cache miss)
2595 http fetch GET 200 https://registry.npmjs.org/@vercel/nestjs/-/nestjs-0.2.111.tgz 2896ms (cache miss)
2596 http fetch GET 200 https://registry.npmjs.org/@vercel/hono/-/hono-0.2.110.tgz 2914ms (cache miss)
2597 http fetch GET 200 https://registry.npmjs.org/@vercel/static-config/-/static-config-3.4.0.tgz 2922ms (cache miss)
2598 http fetch GET 200 https://registry.npmjs.org/depd/-/depd-1.1.2.tgz 2992ms (cache miss)
2599 http fetch GET 200 https://registry.npmjs.org/pump/-/pump-3.0.4.tgz 2980ms (cache miss)
2600 http fetch GET 200 https://registry.npmjs.org/open/-/open-8.4.0.tgz 2976ms (cache miss)
2601 http fetch GET 200 https://registry.npmjs.org/@vercel/koa/-/koa-0.1.90.tgz 2994ms (cache miss)
2602 http fetch GET 200 https://registry.npmjs.org/resolve.exports/-/resolve.exports-2.0.3.tgz 3026ms (cache miss)
2603 http fetch GET 200 https://registry.npmjs.org/@vercel/fastify/-/fastify-0.1.110.tgz 3022ms (cache miss)
2604 http fetch GET 200 https://registry.npmjs.org/@vercel/redwood/-/redwood-2.5.0.tgz 3026ms (cache miss)
2605 http fetch GET 200 https://registry.npmjs.org/xdg-app-paths/-/xdg-app-paths-5.1.0.tgz 3018ms (cache miss)
2606 http fetch GET 200 https://registry.npmjs.org/yallist/-/yallist-5.0.0.tgz 3094ms (cache miss)
2607 http fetch GET 200 https://registry.npmjs.org/@vercel/cervel/-/cervel-0.1.38.tgz 3046ms (cache miss)
2608 http fetch GET 200 https://registry.npmjs.org/@vercel/gatsby-plugin-vercel-builder/-/gatsby-plugin-vercel-builder-2.2.33.tgz 3064ms (cache miss)
2609 http fetch GET 200 https://registry.npmjs.org/@vercel/h3/-/h3-0.1.116.tgz 3044ms (cache miss)
2610 http fetch GET 200 https://registry.npmjs.org/async-listen/-/async-listen-3.0.1.tgz 3039ms (cache miss)
2611 http fetch GET 200 https://registry.npmjs.org/@vercel/elysia/-/elysia-0.1.107.tgz 3063ms (cache miss)
2612 http fetch GET 200 https://registry.npmjs.org/@vercel/container/-/container-0.1.0.tgz 3080ms (cache miss)
2613 http fetch GET 200 https://registry.npmjs.org/@vercel/express/-/express-0.1.121.tgz 3083ms (cache miss)
2614 http fetch GET 200 https://registry.npmjs.org/lru-cache/-/lru-cache-6.0.0.tgz 3077ms (cache miss)
2615 http fetch GET 200 https://registry.npmjs.org/once/-/once-1.3.3.tgz 3078ms (cache miss)
2616 http fetch GET 200 https://registry.npmjs.org/mkdirp/-/mkdirp-1.0.4.tgz 3162ms (cache miss)
2617 http fetch GET 200 https://registry.npmjs.org/mime-db/-/mime-db-1.52.0.tgz 3140ms (cache miss)
2618 http fetch GET 200 https://registry.npmjs.org/oxc-transform/-/oxc-transform-0.111.0.tgz 3109ms (cache miss)
2619 http fetch GET 200 https://registry.npmjs.org/ms/-/ms-2.1.2.tgz 3101ms (cache miss)
2620 http fetch GET 200 https://registry.npmjs.org/@vercel/detect-agent/-/detect-agent-1.2.3.tgz 3104ms (cache miss)
2621 http fetch GET 200 https://registry.npmjs.org/end-of-stream/-/end-of-stream-1.1.0.tgz 3101ms (cache miss)
2622 http fetch GET 200 https://registry.npmjs.org/@napi-rs/keyring/-/keyring-1.2.0.tgz 3134ms (cache miss)
2623 http fetch GET 200 https://registry.npmjs.org/@isaacs/fs-minipass/-/fs-minipass-4.0.1.tgz 3192ms (cache miss)
2624 http fetch GET 200 https://registry.npmjs.org/signal-exit/-/signal-exit-3.0.7.tgz 3133ms (cache miss)
2625 http fetch GET 200 https://registry.npmjs.org/get-stream/-/get-stream-6.0.1.tgz 3132ms (cache miss)
2626 http fetch GET 200 https://registry.npmjs.org/xdg-app-paths/-/xdg-app-paths-5.1.0.tgz 3152ms (cache miss)
2627 http fetch GET 200 https://registry.npmjs.org/path-to-regexp/-/path-to-regexp-8.2.0.tgz 3154ms (cache miss)
2628 http fetch GET 200 https://registry.npmjs.org/async-listen/-/async-listen-1.2.0.tgz 3156ms (cache miss)
2629 http fetch GET 200 https://registry.npmjs.org/es-module-lexer/-/es-module-lexer-1.5.0.tgz 3209ms (cache miss)
2630 http fetch GET 200 https://registry.npmjs.org/node-fetch/-/node-fetch-2.6.7.tgz 3213ms (cache miss)
2631 http fetch GET 200 https://registry.npmjs.org/cjs-module-lexer/-/cjs-module-lexer-1.2.3.tgz 3211ms (cache miss)
2632 http fetch GET 200 https://registry.npmjs.org/yallist/-/yallist-4.0.0.tgz 3194ms (cache miss)
2633 http fetch GET 200 https://registry.npmjs.org/signal-exit/-/signal-exit-3.0.7.tgz 3193ms (cache miss)
2634 http fetch GET 200 https://registry.npmjs.org/picomatch/-/picomatch-4.0.5.tgz 3253ms (cache miss)
2635 http fetch GET 200 https://registry.npmjs.org/@edge-runtime/format/-/format-2.2.1.tgz 3275ms (cache miss)
2636 http fetch GET 200 https://registry.npmjs.org/@isaacs/balanced-match/-/balanced-match-4.0.1.tgz 3301ms (cache miss)
2637 http fetch GET 200 https://registry.npmjs.org/esbuild/-/esbuild-0.27.0.tgz 3265ms (cache miss)
2638 http fetch GET 200 https://registry.npmjs.org/human-signals/-/human-signals-1.1.1.tgz 3359ms (cache miss)
2639 http fetch GET 200 https://registry.npmjs.org/@isaacs/brace-expansion/-/brace-expansion-5.0.1.tgz 3378ms (cache miss)
2640 http fetch GET 200 https://registry.npmjs.org/tr46/-/tr46-0.0.3.tgz 3440ms (cache miss)
2641 http fetch GET 200 https://registry.npmjs.org/@napi-rs/keyring-win32-x64-msvc/-/keyring-win32-x64-msvc-1.2.0.tgz 3408ms (cache miss)
2642 http fetch GET 200 https://registry.npmjs.org/@vercel/ruby/-/ruby-2.5.1.tgz 3413ms (cache miss)
2643 http fetch GET 200 https://registry.npmjs.org/get-tsconfig/-/get-tsconfig-4.14.1.tgz 3484ms (cache miss)
2644 http fetch GET 200 https://registry.npmjs.org/ts-toolbelt/-/ts-toolbelt-6.15.5.tgz 3459ms (cache miss)
2645 http fetch GET 200 https://registry.npmjs.org/@vercel/remix-builder/-/remix-builder-5.9.1.tgz 3441ms (cache miss)
2646 http fetch GET 200 https://registry.npmjs.org/@edge-runtime/vm/-/vm-3.2.0.tgz 3468ms (cache miss)
2647 http fetch GET 200 https://registry.npmjs.org/@renovatebot/pep440/-/pep440-4.2.1.tgz 3491ms (cache miss)
2648 http fetch GET 200 https://registry.npmjs.org/path-browserify/-/path-browserify-1.0.1.tgz 3540ms (cache miss)
2649 http fetch GET 200 https://registry.npmjs.org/es-module-lexer/-/es-module-lexer-1.4.1.tgz 3461ms (cache miss)
2650 http fetch GET 200 https://registry.npmjs.org/node-fetch/-/node-fetch-2.6.9.tgz 3461ms (cache miss)
2651 http fetch GET 200 https://registry.npmjs.org/@emnapi/wasi-threads/-/wasi-threads-1.2.3.tgz 3529ms (cache miss)
2652 http fetch GET 200 https://registry.npmjs.org/minizlib/-/minizlib-3.1.0.tgz 3562ms (cache miss)
2653 http fetch GET 200 https://registry.npmjs.org/ws/-/ws-8.21.1.tgz 3574ms (cache miss)
2654 http fetch GET 200 https://registry.npmjs.org/minipass/-/minipass-7.1.3.tgz 3585ms (cache miss)
2655 http fetch GET 200 https://registry.npmjs.org/execa/-/execa-5.1.1.tgz 3544ms (cache miss)
2656 http fetch GET 200 https://registry.npmjs.org/path-scurry/-/path-scurry-2.0.2.tgz 3669ms (cache miss)
2657 http fetch GET 200 https://registry.npmjs.org/brace-expansion/-/brace-expansion-5.0.9.tgz 3623ms (cache miss)
2658 http fetch GET 200 https://registry.npmjs.org/human-signals/-/human-signals-2.1.0.tgz 3633ms (cache miss)
2659 http fetch GET 200 https://registry.npmjs.org/@fastify/busboy/-/busboy-2.1.1.tgz 3737ms (cache miss)
2660 http fetch GET 200 https://registry.npmjs.org/@napi-rs/wasm-runtime/-/wasm-runtime-1.2.2.tgz 3729ms (cache miss)
2661 http fetch GET 200 https://registry.npmjs.org/@vercel/python/-/python-6.54.1.tgz 3703ms (cache miss)
2662 http fetch GET 200 https://registry.npmjs.org/@vercel/cli-config/-/cli-config-0.2.1.tgz 3742ms (cache miss)
2663 http fetch GET 200 https://registry.npmjs.org/@emnapi/runtime/-/runtime-1.11.3.tgz 3837ms (cache miss)
2664 http fetch GET 200 https://registry.npmjs.org/@vercel/cli-auth/-/cli-auth-0.3.1.tgz 3825ms (cache miss)
2665 http fetch GET 200 https://registry.npmjs.org/acorn/-/acorn-8.18.0.tgz 3850ms (cache miss)
2666 http fetch GET 200 https://registry.npmjs.org/smol-toml/-/smol-toml-1.5.2.tgz 3852ms (cache miss)
2667 http fetch GET 200 https://registry.npmjs.org/chokidar/-/chokidar-4.0.0.tgz 3859ms (cache miss)
2668 http fetch GET 200 https://registry.npmjs.org/path-to-regexp/-/path-to-regexp-6.1.0.tgz 3895ms (cache miss)
2669 http fetch GET 200 https://registry.npmjs.org/jsonc-parser/-/jsonc-parser-3.3.1.tgz 3925ms (cache miss)
2670 http fetch GET 200 https://registry.npmjs.org/signal-exit/-/signal-exit-4.0.2.tgz 3963ms (cache miss)
2671 http fetch GET 200 https://registry.npmjs.org/iconv-lite/-/iconv-lite-0.4.24.tgz 3986ms (cache miss)
2672 http fetch GET 200 https://registry.npmjs.org/path-to-regexp/-/path-to-regexp-6.1.0.tgz 3948ms (cache miss)
2673 http fetch GET 200 https://registry.npmjs.org/@vercel/static-build/-/static-build-2.11.13.tgz 3997ms (cache miss)
2674 http fetch GET 200 https://registry.npmjs.org/@edge-runtime/node-utils/-/node-utils-2.3.0.tgz 4048ms (cache miss)
2675 http fetch GET 200 https://registry.npmjs.org/ts-morph/-/ts-morph-12.0.0.tgz 4063ms (cache miss)
2676 http fetch GET 200 https://registry.npmjs.org/@vercel/oidc/-/oidc-3.2.0.tgz 4185ms (cache miss)
2677 http fetch GET 200 https://registry.npmjs.org/undici-types/-/undici-types-5.26.5.tgz 4164ms (cache miss)
2678 http fetch GET 200 https://registry.npmjs.org/generic-pool/-/generic-pool-3.4.2.tgz 4176ms (cache miss)
2679 http fetch GET 200 https://registry.npmjs.org/fs-extra/-/fs-extra-11.1.0.tgz 4339ms (cache miss)
2680 http fetch GET 200 https://registry.npmjs.org/@vercel/next/-/next-4.20.5.tgz 4354ms (cache miss)
2681 http fetch GET 200 https://registry.npmjs.org/@vercel/backends/-/backends-0.8.30.tgz 4419ms (cache miss)
2682 http fetch GET 200 https://registry.npmjs.org/@vercel/blob/-/blob-2.4.0.tgz 4427ms (cache miss)
2683 http fetch GET 200 https://registry.npmjs.org/fs-extra/-/fs-extra-11.1.1.tgz 4449ms (cache miss)
2684 http fetch GET 200 https://registry.npmjs.org/srvx/-/srvx-0.11.16.tgz 4484ms (cache miss)
2685 http fetch GET 200 https://registry.npmjs.org/edge-runtime/-/edge-runtime-2.5.9.tgz 4511ms (cache miss)
2686 http fetch GET 200 https://registry.npmjs.org/consola/-/consola-3.4.2.tgz 4565ms (cache miss)
2687 http fetch GET 200 https://registry.npmjs.org/@mapbox/node-pre-gyp/-/node-pre-gyp-2.0.3.tgz 4594ms (cache miss)
2688 http fetch GET 200 https://registry.npmjs.org/@emnapi/core/-/core-1.11.3.tgz 4631ms (cache miss)
2689 http fetch GET 200 https://registry.npmjs.org/@edge-runtime/primitives/-/primitives-4.1.0.tgz 4627ms (cache miss)
2690 http fetch GET 200 https://registry.npmjs.org/web-vitals/-/web-vitals-0.2.4.tgz 4693ms (cache miss)
2691 http fetch GET 200 https://registry.npmjs.org/@tybys/wasm-util/-/wasm-util-0.10.3.tgz 4722ms (cache miss)
2692 http fetch GET 200 https://registry.npmjs.org/@vercel/nft/-/nft-1.10.0.tgz 4683ms (cache miss)
2693 http fetch GET 200 https://registry.npmjs.org/semver/-/semver-7.5.4.tgz 4724ms (cache miss)
2694 http fetch GET 200 https://registry.npmjs.org/rolldown/-/rolldown-1.0.0-rc.1.tgz 4750ms (cache miss)
2695 http fetch GET 200 https://registry.npmjs.org/sandbox/-/sandbox-3.4.0.tgz 4752ms (cache miss)
2696 http fetch GET 200 https://registry.npmjs.org/@vercel/node/-/node-5.9.3.tgz 4762ms (cache miss)
2697 http fetch GET 200 https://registry.npmjs.org/tsx/-/tsx-4.21.0.tgz 4807ms (cache miss)
2698 http fetch GET 200 https://registry.npmjs.org/minimatch/-/minimatch-10.1.1.tgz 4860ms (cache miss)
2699 http fetch GET 200 https://registry.npmjs.org/zod/-/zod-3.22.4.tgz 4846ms (cache miss)
2700 http fetch GET 200 https://registry.npmjs.org/zod/-/zod-3.22.4.tgz 4862ms (cache miss)
2701 http fetch GET 200 https://registry.npmjs.org/zod/-/zod-3.22.4.tgz 4848ms (cache miss)
2702 http fetch GET 200 https://registry.npmjs.org/zod/-/zod-3.22.4.tgz 4865ms (cache miss)
2703 http fetch GET 200 https://registry.npmjs.org/@oxc-transform/binding-win32-x64-msvc/-/binding-win32-x64-msvc-0.111.0.tgz 4928ms (cache miss)
2704 http fetch GET 200 https://registry.npmjs.org/minimatch/-/minimatch-10.2.6.tgz 4922ms (cache miss)
2705 http fetch GET 200 https://registry.npmjs.org/@sinclair/typebox/-/typebox-0.25.24.tgz 4964ms (cache miss)
2706 http fetch GET 200 https://registry.npmjs.org/json-schema-to-ts/-/json-schema-to-ts-1.6.4.tgz 5087ms (cache miss)
2707 http fetch GET 200 https://registry.npmjs.org/@bytecodealliance/preview2-shim/-/preview2-shim-0.17.6.tgz 5186ms (cache miss)
2708 http fetch GET 200 https://registry.npmjs.org/glob/-/glob-13.0.6.tgz 5474ms (cache miss)
2709 http fetch GET 200 https://registry.npmjs.org/@vercel/python-analysis/-/python-analysis-0.12.0.tgz 5569ms (cache miss)
2710 http fetch GET 200 https://registry.npmjs.org/luxon/-/luxon-3.7.2.tgz 6236ms (cache miss)
2711 http fetch GET 200 https://registry.npmjs.org/jose/-/jose-6.2.3.tgz 6271ms (cache miss)
2712 http fetch GET 200 https://registry.npmjs.org/lru-cache/-/lru-cache-11.5.2.tgz 6459ms (cache miss)
2713 http fetch GET 200 https://registry.npmjs.org/@vercel/fun/-/fun-1.3.0.tgz 6700ms (cache miss)
2714 http fetch GET 200 https://registry.npmjs.org/@ts-morph/common/-/common-0.11.1.tgz 6965ms (cache miss)
2715 http fetch GET 200 https://registry.npmjs.org/@types/node/-/node-20.11.0.tgz 7037ms (cache miss)
2716 http fetch GET 200 https://registry.npmjs.org/undici/-/undici-5.29.0.tgz 7051ms (cache miss)
2717 http fetch GET 200 https://registry.npmjs.org/undici/-/undici-5.28.4.tgz 7082ms (cache miss)
2718 http fetch GET 200 https://registry.npmjs.org/@esbuild/win32-x64/-/win32-x64-0.27.0.tgz 7161ms (cache miss)
2719 http fetch GET 200 https://registry.npmjs.org/@vercel/build-utils/-/build-utils-13.36.3.tgz 7155ms (cache miss)
2720 http fetch GET 200 https://registry.npmjs.org/undici/-/undici-6.28.0.tgz 7269ms (cache miss)
2721 http fetch GET 200 https://registry.npmjs.org/@vercel/sandbox/-/sandbox-2.4.0.tgz 7375ms (cache miss)
2722 http fetch GET 200 https://registry.npmjs.org/@vercel/go/-/go-3.10.2.tgz 7343ms (cache miss)
2723 http fetch GET 200 https://registry.npmjs.org/tar/-/tar-7.5.7.tgz 7543ms (cache miss)
2724 warn deprecated tar@7.5.7: Old versions of tar are not supported, and contain widely publicized security vulnerabilities, which have been fixed in the current version. Please update. Support for old versions may be purchased (at exorbitant rates) by contacting i@izs.me
2725 http fetch GET 200 https://registry.npmjs.org/undici/-/undici-7.29.0.tgz 7531ms (cache miss)
2726 http fetch GET 200 https://registry.npmjs.org/@rolldown/binding-win32-x64-msvc/-/binding-win32-x64-msvc-1.0.0-rc.1.tgz 8077ms (cache miss)
2727 http fetch GET 200 https://registry.npmjs.org/vercel/-/vercel-58.4.4.tgz 8031ms (cache miss)
2728 http fetch GET 200 https://registry.npmjs.org/jose/-/jose-5.9.6.tgz 8160ms (cache miss)
2729 http fetch GET 200 https://registry.npmjs.org/ajv/-/ajv-8.6.3.tgz 8484ms (cache miss)
2730 http fetch GET 200 https://registry.npmjs.org/zod/-/zod-4.1.11.tgz 9019ms (cache miss)
2731 info run esbuild@0.27.0 postinstall node_modules/esbuild node install.js
2732 info run esbuild@0.27.0 postinstall { code: 0, signal: null }
2733 verbose cwd D:\practice
2734 verbose os Windows_NT 10.0.26200
2735 verbose node v22.15.0
2736 verbose npm  v10.9.2
2737 verbose exit 0
2738 info ok
